player,player_num,position,height,weight,birthdate,country,experience,college,team_stat_ranking,age,games,games_started,minutes_played,field_goals,field_goal_attempts,field_goal_percent,points3,points3_attempts,points3_percent,points2,points2_attempts,points2_percent,effective_field_goal_percent,free_throws,free_throw_attempts,free_throw_percent,offensive_rebounds,defensive_rebounds,total_rebounds,assists,steals,blocks,turnovers,fouls,points,team_salary_ranking,salary,team
Al Horford,15,center,82,245,6/3/86,do,8,University of Florida,2,29,82,82,2631,529,1048,0.505,88,256,0.344,441,792,0.557,0.547,103,129,0.798,148,448,596,263,68,121,107,163,1249,2,12000000,ATL
Dennis Schroder,17,point guard,73,172,9/15/93,de,2,NA,7,22,80,6,1621,329,781,0.421,77,239,0.322,252,542,0.465,0.471,144,182,0.791,25,179,204,349,70,9,183,138,879,10,1763400,ATL
Jeff Teague,0,point guard,74,186,6/10/88,us,6,Wake Forest University,4,27,79,78,2255,434,988,0.439,110,275,0.4,324,713,0.454,0.495,261,312,0.837,33,181,214,470,97,24,218,167,1239,4,8000000,ATL
Justin Holiday,7,shooting guard,78,185,4/5/89,us,2,University of Washington,14,26,26,1,263,24,73,0.329,10,45,0.222,14,28,0.5,0.397,5,10,0.5,4,23,27,11,13,4,13,21,63,NA,NA,ATL
Kent Bazemore,24,small forward,77,201,7/1/89,us,3,Old Dominion University,5,26,75,68,2083,320,725,0.441,109,305,0.357,211,420,0.502,0.517,123,151,0.815,28,351,379,171,98,38,138,176,872,9,2000000,ATL
Kirk Hinrich,12,point guard,76,190,1/2/81,us,12,University of Kansas,16,35,11,0,76,2,11,0.182,1,6,0.167,1,5,0.2,0.227,0,0,NA,1,11,12,14,2,1,3,1,5,8,2870000,ATL
Kris Humphries,43,power forward,81,235,2/6/85,us,11,University of Minnesota,13,30,21,0,295,47,101,0.465,8,31,0.258,39,70,0.557,0.505,32,45,0.711,20,51,71,13,10,7,14,44,134,15,388025,ATL
Kyle Korver,26,shooting guard,79,212,3/17/81,us,12,Creighton University,3,34,80,80,2401,268,616,0.435,158,397,0.398,110,219,0.502,0.563,45,54,0.833,14,246,260,164,60,35,98,161,739,5,5746479,ATL
Lamar Patterson,13,shooting guard,77,225,8/12/91,us,0,University of Pittsburgh,12,24,35,0,395,28,80,0.35,12,49,0.245,16,31,0.516,0.425,16,22,0.727,4,46,50,39,9,2,23,45,84,14,525093,ATL
Mike Muscala,31,center,83,240,7/1/91,us,2,Bucknell University,11,24,60,0,565,76,152,0.5,12,39,0.308,64,113,0.566,0.539,31,39,0.795,38,79,117,34,13,27,27,72,195,13,947276,ATL
Mike Scott,32,power forward,80,237,7/16/88,us,3,University of Virginia,8,27,75,0,1146,176,376,0.468,62,158,0.392,114,218,0.523,0.551,50,63,0.794,53,153,206,78,25,17,42,102,464,7,3333333,ATL
Paul Millsap,4,power forward,80,246,2/10/85,us,9,Louisiana Tech University,1,30,81,81,2647,501,1066,0.47,74,232,0.319,427,834,0.512,0.505,309,408,0.757,198,534,732,265,147,139,191,237,1385,1,19000000,ATL
Shelvin Mack,8,point guard,75,203,4/22/90,us,4,Butler University,15,25,24,0,179,40,95,0.421,4,27,0.148,36,68,0.529,0.442,9,12,0.75,2,20,22,38,8,0,14,7,93,NA,NA,ATL
Thabo Sefolosha,25,small forward,79,220,5/2/84,ch,9,NA,6,31,75,11,1758,188,372,0.505,42,124,0.339,146,248,0.589,0.562,62,99,0.626,52,282,334,107,85,37,68,109,480,6,4000000,ATL
Tiago Splitter,11,center,83,245,1/1/85,br,5,NA,10,31,36,2,579,81,155,0.523,0,2,0,81,153,0.529,0.523,39,48,0.813,45,75,120,30,20,12,24,71,201,3,8500000,ATL
Tim Hardaway,10,shooting guard,78,205,3/16/92,us,2,University of Michigan,9,23,51,1,864,114,265,0.43,48,142,0.338,66,123,0.537,0.521,50,56,0.893,7,79,86,51,21,7,23,48,326,11,1304520,ATL
Walter Tavares,22,center,87,260,3/22/92,cv,0,NA,17,23,11,0,73,11,19,0.579,0,0,NA,11,19,0.579,0.579,3,8,0.375,7,14,21,3,1,6,5,8,25,12,1000000,ATL
Amir Johnson,90,power forward,81,240,5/1/87,us,10,NA,6,28,79,76,1800,249,426,0.585,10,43,0.233,239,383,0.624,0.596,69,121,0.57,178,327,505,138,52,83,94,214,577,2,12000000,BOS
Avery Bradley,0,shooting guard,74,180,11/26/90,us,5,University of Texas at Austin,2,25,76,72,2536,456,1019,0.447,147,407,0.361,309,612,0.505,0.52,96,123,0.78,48,172,220,158,117,19,109,164,1155,3,7730337,BOS
Coty Clarke,63,small forward,79,232,7/4/92,us,0,University of Arkansas,16,23,3,0,6,2,4,0.5,2,2,1,0,2,0,0.75,0,0,NA,0,1,1,0,0,0,1,0,6,18,61776,BOS
David Lee,42,power forward,81,245,4/29/83,us,10,University of Florida,11,32,30,4,470,87,192,0.453,0,1,0,87,191,0.455,0.453,40,51,0.784,41,89,130,54,12,13,38,51,214,1,15493680,BOS
Evan Turner,11,shooting guard,79,220,10/27/88,us,5,Ohio State University,4,27,81,12,2271,343,753,0.456,20,83,0.241,323,670,0.482,0.469,148,179,0.827,50,347,397,359,80,28,169,139,854,8,3425510,BOS
Isaiah Thomas,4,point guard,69,185,2/7/89,us,4,University of Washington,1,26,82,79,2644,591,1382,0.428,167,465,0.359,424,917,0.462,0.488,474,544,0.871,46,197,243,509,91,9,220,167,1823,4,6912869,BOS
Jae Crowder,99,small forward,78,235,7/6/90,us,3,Marquette University,3,25,73,73,2308,360,813,0.443,122,363,0.336,238,450,0.529,0.518,196,239,0.82,70,303,373,135,126,35,83,198,1038,5,6000000,BOS
James Young,13,shooting guard,78,215,8/16/95,us,1,University of Kentucky,14,20,29,0,199,11,36,0.306,6,26,0.231,5,10,0.5,0.389,1,4,0.25,4,22,26,9,6,1,5,17,29,15,1749840,BOS
Jared Sullinger,7,power forward,81,260,3/4/92,us,3,Ohio State University,5,23,81,73,1915,351,806,0.435,29,103,0.282,322,703,0.458,0.453,103,161,0.64,194,479,673,187,75,47,102,209,834,10,2269260,BOS
Jonas Jerebko,8,power forward,82,231,3/2/87,se,5,NA,9,28,78,0,1176,118,286,0.413,43,108,0.398,75,178,0.421,0.488,61,78,0.782,77,211,288,62,20,24,52,137,340,6,5000000,BOS
Jordan Mickey,55,power forward,80,235,7/9/94,us,0,Louisiana State University,15,21,16,0,57,8,22,0.364,0,0,NA,8,22,0.364,0.364,5,10,0.5,6,7,13,1,0,11,1,5,21,16,1200000,BOS
Kelly Olynyk,41,center,84,238,4/19/91,ca,2,Gonzaga University,8,24,69,8,1395,253,556,0.455,85,210,0.405,168,346,0.486,0.531,96,128,0.75,72,209,281,105,52,33,74,163,687,11,2165160,BOS
Marcus Smart,36,point guard,76,220,3/6/94,us,1,Oklahoma State University,7,21,61,10,1667,184,529,0.348,61,241,0.253,123,288,0.427,0.405,129,166,0.777,76,179,255,185,91,18,80,183,558,7,3431040,BOS
R.J. Hunter,28,shooting guard,77,185,10/24/93,us,0,Georgia State University,12,22,36,0,315,36,98,0.367,19,63,0.302,17,35,0.486,0.464,6,7,0.857,2,35,37,13,14,4,11,29,97,17,1148640,BOS
Terry Rozier,12,point guard,74,190,3/17/94,us,0,University of Louisville,13,21,39,0,311,29,106,0.274,6,27,0.222,23,79,0.291,0.302,8,10,0.8,24,39,63,37,6,1,19,23,72,14,1824360,BOS
Tyler Zeller,44,center,84,253,1/17/90,us,3,University of North Carolina,10,26,60,3,710,138,290,0.476,0,0,NA,138,290,0.476,0.476,88,108,0.815,62,116,178,29,10,22,46,97,364,9,2616975,BOS
Andrea Bargnani,9,center,84,245,10/26/85,it,9,NA,11,30,46,0,634,127,279,0.455,3,16,0.188,124,263,0.471,0.461,47,57,0.825,28,69,97,18,4,9,26,61,304,10,1362900,BRK
Bojan Bogdanovic,44,small forward,80,216,4/18/89,ba,1,NA,3,26,79,39,2115,324,749,0.433,129,338,0.382,195,411,0.474,0.519,110,132,0.833,36,219,255,99,29,5,115,119,887,6,3425510,BRK
Brook Lopez,11,center,84,275,4/1/88,us,7,Stanford University,1,27,73,73,2457,591,1157,0.511,2,14,0.143,589,1143,0.515,0.512,317,403,0.787,204,369,573,147,58,124,175,215,1501,2,20000000,BRK
Chris McCullough,1,power forward,83,200,2/5/95,us,0,Syracuse University,16,20,24,4,362,44,109,0.404,13,34,0.382,31,75,0.413,0.463,11,23,0.478,25,43,68,9,28,12,15,39,112,12,1140240,BRK
Donald Sloan,15,point guard,75,205,1/15/88,us,4,Texas A&M University,7,28,61,33,1318,154,350,0.44,38,99,0.384,116,251,0.462,0.494,78,104,0.75,17,156,173,268,32,4,80,73,424,13,1015421,BRK
Henry Sims,14,center,82,248,3/27/90,us,3,Georgetown University,17,25,14,4,263,33,77,0.429,0,0,NA,33,77,0.429,0.429,25,30,0.833,21,51,72,9,9,14,12,37,91,18,161622,BRK
Jarrett Jack,2,point guard,75,200,10/28/83,us,10,Georgia Institute of Technology,8,32,32,32,1027,140,358,0.391,31,102,0.304,109,256,0.426,0.434,100,112,0.893,9,127,136,236,34,7,94,77,411,4,6300000,BRK
Joe Johnson,7,small forward,79,240,6/29/81,us,14,University of Arkansas,4,34,57,57,1934,247,608,0.406,85,229,0.371,162,379,0.427,0.476,92,108,0.852,34,190,224,232,40,2,116,100,671,1,24894863,BRK
Markel Brown,22,shooting guard,75,190,1/29/92,us,1,Oklahoma State University,9,24,62,6,982,127,322,0.394,38,121,0.314,89,201,0.443,0.453,71,94,0.755,23,99,122,91,38,15,54,94,363,16,845059,BRK
Rondae Hollis-Jefferson,24,small forward,79,220,1/3/95,us,0,University of Arizona,12,21,29,17,615,63,138,0.457,4,14,0.286,59,124,0.476,0.471,37,52,0.712,39,115,154,43,39,16,26,61,167,11,1335480,BRK
Sean Kilpatrick,6,shooting guard,76,210,1/6/90,us,1,University of Cincinnati,13,26,23,0,534,115,249,0.462,35,97,0.361,80,152,0.526,0.532,53,59,0.898,10,40,50,26,10,2,27,30,318,17,320594,BRK
Sergey Karasev,10,small forward,79,208,10/26/93,ru,2,NA,15,22,40,5,399,30,74,0.405,11,37,0.297,19,37,0.514,0.48,26,28,0.929,8,50,58,35,6,2,22,27,97,7,1599840,BRK
Shane Larkin,0,point guard,71,175,10/2/92,us,2,University of Miami,5,23,78,17,1751,222,502,0.442,39,108,0.361,183,394,0.464,0.481,83,107,0.776,28,152,180,342,95,12,146,121,566,8,1500000,BRK
Thaddeus Young,30,power forward,80,221,6/21/88,us,8,Georgia Institute of Technology,2,27,73,73,2407,495,963,0.514,7,30,0.233,488,933,0.523,0.518,105,163,0.644,176,484,660,135,112,37,136,182,1102,3,11200000,BRK
Thomas Robinson,41,power forward,82,237,3/17/91,us,3,University of Kansas,10,24,71,7,917,130,291,0.447,0,1,0,130,290,0.448,0.447,47,109,0.431,136,223,359,46,39,36,69,111,307,14,981300,BRK
Wayne Ellington,21,shooting guard,76,200,10/29/87,us,6,University of North Carolina,6,28,76,41,1615,218,561,0.389,96,268,0.358,122,293,0.416,0.474,54,63,0.857,20,154,174,83,48,5,45,82,586,9,1500000,BRK
Willie Reed,33,power forward,82,220,5/16/90,us,0,Saint Louis University,14,25,39,2,426,76,133,0.571,0,0,NA,76,133,0.571,0.571,30,55,0.545,49,73,122,10,6,30,16,47,182,15,947276,BRK
Aaron Brooks,0,point guard,72,161,1/14/85,us,7,University of Oregon,9,31,69,0,1108,188,469,0.401,66,185,0.357,122,284,0.43,0.471,49,64,0.766,21,80,101,180,30,10,82,132,491,9,2000000,CHI
Bobby Portis,5,power forward,83,230,2/10/95,us,0,University of Arkansas,10,20,62,4,1102,186,436,0.427,16,52,0.308,170,384,0.443,0.445,48,66,0.727,123,214,337,52,25,22,54,100,436,11,1391160,CHI
Cameron Bairstow,41,center,81,250,12/7/90,au,1,University of New Mexico,16,25,18,2,103,13,40,0.325,1,5,0.2,12,35,0.343,0.338,7,8,0.875,4,24,28,6,2,3,4,19,34,14,845059,CHI
Cristiano Felicio,6,center,82,275,7/7/92,br,0,NA,15,23,31,4,321,40,72,0.556,0,4,0,40,68,0.588,0.556,25,35,0.714,30,72,102,26,6,13,13,31,105,15,525090,CHI
Derrick Rose,1,point guard,75,190,10/4/88,us,6,University of Memphis,3,27,66,66,2097,447,1048,0.427,44,150,0.293,403,898,0.449,0.448,142,179,0.793,46,179,225,311,44,14,175,84,1080,1,20093063,CHI
Doug McDermott,3,small forward,80,225,1/3/92,us,1,Creighton University,5,24,81,4,1861,291,644,0.452,110,259,0.425,181,385,0.47,0.537,72,84,0.857,37,158,195,59,14,6,53,127,764,8,2380440,CHI
E'Twaun Moore,55,shooting guard,76,191,2/28/89,us,4,Purdue University,8,26,59,22,1263,187,389,0.481,47,104,0.452,140,285,0.491,0.541,22,35,0.629,19,114,133,99,37,18,53,103,443,12,1015421,CHI
Jimmy Butler,21,shooting guard,79,220,9/14/89,us,4,Marquette University,1,26,67,67,2474,470,1035,0.454,64,205,0.312,406,830,0.489,0.485,395,475,0.832,79,279,358,321,110,43,132,124,1399,2,15260000,CHI
Joakim Noah,13,center,83,230,2/25/85,us,8,University of Florida,12,30,29,2,635,51,133,0.383,0,1,0,51,132,0.386,0.383,22,45,0.489,87,168,255,110,18,29,52,77,124,3,13400000,CHI
Justin Holiday,7,shooting guard,78,185,4/5/89,us,2,University of Washington,14,26,27,4,510,64,155,0.413,26,60,0.433,38,95,0.4,0.497,22,27,0.815,8,55,63,45,19,15,26,40,176,13,947300,CHI
Kirk Hinrich,12,point guard,76,190,1/2/81,us,12,University of Kansas,13,35,35,7,555,47,118,0.398,23,56,0.411,24,62,0.387,0.496,15,16,0.938,7,51,58,59,13,1,27,63,132,NA,NA,CHI
Mike Dunleavy,34,small forward,81,230,9/15/80,us,13,Duke University,11,35,31,30,703,77,188,0.41,39,99,0.394,38,89,0.427,0.513,29,37,0.784,8,75,83,39,14,10,26,66,222,7,4500000,CHI
Nikola Mirotic,44,power forward,82,220,2/11/91,me,1,NA,6,24,66,38,1646,248,609,0.407,135,346,0.39,113,263,0.43,0.518,146,181,0.807,58,304,362,100,58,46,102,151,777,6,5543725,CHI
Pau Gasol,16,center,84,250,7/6/80,es,14,NA,2,35,72,72,2291,467,995,0.469,24,69,0.348,443,926,0.478,0.481,229,289,0.792,155,638,793,294,42,146,164,148,1187,5,7448760,CHI
Taj Gibson,22,power forward,81,225,6/24/85,us,6,University of Southern California,4,30,73,55,1936,263,500,0.526,0,3,0,263,497,0.529,0.526,101,146,0.692,206,298,504,106,47,77,78,180,627,4,8500000,CHI
Tony Snell,20,small forward,79,200,11/10/91,us,2,University of New Mexico,7,24,64,33,1301,126,339,0.372,56,155,0.361,70,184,0.38,0.454,30,33,0.909,19,180,199,63,16,17,52,100,338,10,1535880,CHI
Aaron Harrison,9,shooting guard,78,210,10/28/94,us,0,University of Kentucky,16,21,21,0,93,5,19,0.263,3,10,0.3,2,9,0.222,0.342,5,12,0.417,4,11,15,2,6,0,4,10,18,14,525093,CHO
Al Jefferson,25,center,82,289,1/4/85,us,11,NA,8,31,47,18,1096,245,505,0.485,0,0,NA,245,505,0.485,0.485,72,111,0.649,57,244,301,70,30,41,34,117,562,1,13833333,CHO
Brian Roberts,22,point guard,73,173,12/3/85,us,3,University of Dayton,14,30,30,0,333,51,115,0.443,9,27,0.333,42,88,0.477,0.483,34,37,0.919,4,25,29,38,7,1,16,23,145,NA,NA,CHO
Cody Zeller,40,center,84,240,10/5/92,us,2,Indiana University,5,23,73,60,1774,231,437,0.529,1,10,0.1,230,427,0.539,0.53,175,232,0.754,138,317,455,71,57,63,68,204,638,8,4204200,CHO
Courtney Lee,1,shooting guard,77,200,10/3/85,us,7,Western Kentucky University,11,30,28,28,845,98,220,0.445,31,79,0.392,67,141,0.475,0.516,23,26,0.885,10,77,87,60,33,12,23,55,250,6,5675000,CHO
Frank Kaminsky,44,center,84,242,4/4/93,us,0,University of Wisconsin,6,22,81,3,1708,215,525,0.41,68,202,0.337,147,323,0.455,0.474,108,148,0.73,69,266,335,98,38,43,58,126,606,10,2612500,CHO
Jeremy Lamb,3,shooting guard,77,185,5/30/92,us,3,University of Connecticut,7,23,66,0,1227,230,510,0.451,56,181,0.309,174,329,0.529,0.506,64,88,0.727,44,208,252,77,42,30,50,105,580,9,3034356,CHO
Jeremy Lin,7,shooting guard,75,200,8/23/88,us,5,Harvard University,4,27,78,13,2048,300,728,0.412,76,226,0.336,224,502,0.446,0.464,238,292,0.815,42,211,253,235,58,42,150,165,914,11,2100000,CHO
Jorge Gutierrez,12,point guard,75,191,12/27/88,mx,2,University of California,17,27,12,0,63,6,11,0.545,0,2,0,6,9,0.667,0.545,10,11,0.909,0,7,7,17,3,0,6,3,22,15,301444,CHO
Kemba Walker,15,point guard,73,172,5/8/90,us,4,University of Connecticut,1,25,81,81,2885,568,1331,0.427,182,490,0.371,386,841,0.459,0.495,371,438,0.847,56,301,357,421,126,39,171,111,1689,3,12000000,CHO
Marvin Williams,2,power forward,81,237,6/19/86,us,10,University of North Carolina,3,29,81,81,2338,338,747,0.452,152,378,0.402,186,369,0.504,0.554,120,144,0.833,127,394,521,110,58,77,62,133,948,4,7000000,CHO
Michael Kidd-Gilchrist,14,small forward,79,232,9/26/93,us,3,University of Kentucky,15,22,7,7,205,33,61,0.541,3,7,0.429,30,54,0.556,0.566,20,29,0.69,12,33,45,9,3,3,8,9,89,5,6331404,CHO
Nicolas Batum,5,small forward,80,200,12/14/88,fr,7,NA,2,27,70,70,2448,372,873,0.426,139,399,0.348,233,474,0.492,0.506,163,192,0.849,55,373,428,403,65,43,205,114,1046,2,12235750,CHO
P.J. Hairston,19,small forward,78,230,12/24/92,us,1,University of North Carolina,10,23,48,43,938,99,276,0.359,54,172,0.314,45,104,0.433,0.457,34,42,0.81,18,110,128,29,24,7,24,106,286,NA,NA,CHO
Spencer Hawes,0,power forward,85,245,4/28/88,us,8,University of Washington,9,27,57,6,1035,124,306,0.405,38,102,0.373,86,204,0.422,0.467,54,65,0.831,51,193,244,109,22,27,58,111,340,7,5543725,CHO
Troy Daniels,30,shooting guard,76,205,7/15/91,us,2,Virginia Commonwealth University,12,24,43,0,476,89,187,0.476,59,122,0.484,30,65,0.462,0.634,5,9,0.556,7,50,57,21,11,3,24,40,242,13,947276,CHO
Tyler Hansbrough,50,power forward,81,250,11/3/85,us,6,University of North Carolina,13,30,44,0,343,32,71,0.451,2,3,0.667,30,68,0.441,0.465,38,65,0.585,40,49,89,8,12,7,12,55,104,12,1185784,CHO
Anderson Varejao,17,center,82,273,9/28/82,br,11,NA,14,33,31,0,310,32,76,0.421,0,1,0,32,75,0.427,0.421,16,21,0.762,24,67,91,20,11,5,16,35,80,NA,NA,CLE
Channing Frye,9,center,83,255,5/17/83,us,9,University of Arizona,12,32,26,3,446,71,161,0.441,43,114,0.377,28,47,0.596,0.575,11,14,0.786,12,81,93,26,8,8,13,56,196,6,7807579,CLE
Dahntay Jones,30,small forward,78,225,12/27/80,us,11,Duke University,17,35,1,0,42,6,14,0.429,1,2,0.5,5,12,0.417,0.464,0,0,NA,1,4,5,2,1,2,0,6,13,15,8819,CLE
Iman Shumpert,4,shooting guard,77,220,6/26/90,us,4,Georgia Institute of Technology,9,25,54,5,1316,114,305,0.374,43,146,0.295,71,159,0.447,0.444,40,51,0.784,32,171,203,92,54,19,57,119,311,5,9000000,CLE
J.R. Smith,5,shooting guard,78,225,9/9/85,us,11,NA,3,30,77,77,2362,353,850,0.415,204,510,0.4,149,340,0.438,0.535,45,71,0.634,43,174,217,130,81,21,59,204,955,7,5000000,CLE
James Jones,1,small forward,80,218,10/4/80,us,12,University of Miami,11,35,48,0,463,58,142,0.408,41,104,0.394,17,38,0.447,0.553,21,26,0.808,8,42,50,14,11,10,13,50,178,10,1499000,CLE
Jared Cunningham,9,shooting guard,76,195,5/22/91,us,3,Oregon State University,13,24,40,3,355,32,91,0.352,10,32,0.313,22,59,0.373,0.407,30,48,0.625,3,26,29,19,12,2,18,37,104,NA,NA,CLE
Joe Harris,12,shooting guard,78,219,9/7/91,us,1,University of Virginia,18,24,5,0,15,1,4,0.25,1,4,0.25,0,0,NA,0.375,0,0,NA,0,3,3,2,0,0,1,1,3,NA,NA,CLE
Jordan McRae,12,point guard,78,185,3/28/91,us,0,University of Tennessee,15,24,15,1,113,23,52,0.442,7,11,0.636,16,41,0.39,0.51,9,13,0.692,2,10,12,15,0,1,9,10,62,14,172972,CLE
Kevin Love,0,power forward,82,251,9/7/88,us,7,"University of California, Los Angeles",2,27,77,77,2424,409,977,0.419,158,439,0.36,251,538,0.467,0.499,258,314,0.822,149,613,762,186,58,41,142,159,1234,2,19500000,CLE
Kyrie Irving,2,point guard,75,193,3/23/92,au,4,Duke University,6,23,53,53,1667,394,879,0.448,84,262,0.321,310,617,0.502,0.496,169,191,0.885,44,113,157,249,56,18,124,107,1041,3,14746000,CLE
LeBron James,23,small forward,80,250,12/30/84,us,12,NA,1,31,76,76,2709,737,1416,0.52,87,282,0.309,650,1134,0.573,0.551,359,491,0.731,111,454,565,514,104,49,249,143,1920,1,22971000,CLE
Matthew Dellavedova,8,point guard,76,198,9/8/90,au,2,Saint Mary's College of California,5,25,76,14,1867,207,511,0.405,98,239,0.41,109,272,0.401,0.501,57,66,0.864,33,129,162,337,44,9,116,178,569,13,1147280,CLE
Mo Williams,52,point guard,73,198,12/19/82,us,12,University of Alabama,10,33,41,14,748,132,302,0.437,36,102,0.353,96,200,0.48,0.497,38,42,0.905,6,66,72,98,14,5,57,60,338,9,2100000,CLE
Richard Jefferson,24,small forward,79,233,6/21/80,us,14,University of Arizona,8,35,74,5,1326,143,312,0.458,66,173,0.382,77,139,0.554,0.564,58,87,0.667,15,113,128,59,33,14,43,129,410,11,1499000,CLE
Sasha Kaun,14,center,83,260,5/8/85,ru,0,University of Kansas,16,30,25,0,95,9,17,0.529,0,0,NA,9,17,0.529,0.529,5,11,0.455,12,14,26,3,4,5,7,11,23,12,1300000,CLE
Timofey Mozgov,20,center,85,275,7/16/86,ru,5,NA,7,29,76,48,1326,203,359,0.565,1,7,0.143,202,352,0.574,0.567,68,95,0.716,110,227,337,33,22,57,71,159,475,8,4950000,CLE
Tristan Thompson,13,power forward,81,238,3/13/91,ca,4,University of Texas at Austin,4,24,82,34,2269,247,420,0.588,0,0,NA,247,420,0.588,0.588,149,242,0.616,268,470,738,62,38,51,61,202,643,4,14260870,CLE
Chandler Parsons,25,small forward,82,230,10/25/88,us,4,University of Florida,6,27,61,51,1799,320,651,0.492,104,251,0.414,216,400,0.54,0.571,93,136,0.684,29,256,285,169,46,21,95,114,837,2,15361500,DAL
Charlie Villanueva,3,power forward,83,232,8/24/84,us,10,University of Connecticut,10,31,62,4,665,125,327,0.382,47,172,0.273,78,155,0.503,0.454,22,24,0.917,24,128,152,24,18,15,31,71,319,10,1499187,DAL
David Lee,42,power forward,81,245,4/29/83,us,10,University of Florida,12,32,25,1,433,91,143,0.636,0,0,NA,91,143,0.636,0.636,31,42,0.738,60,115,175,30,10,15,28,63,213,9,2102224,DAL
Deron Williams,8,point guard,75,200,6/26/84,us,10,University of Illinois at Urbana-Champaign,4,31,65,63,2106,321,775,0.414,97,282,0.344,224,493,0.454,0.477,179,206,0.869,19,171,190,378,61,14,150,155,918,4,5500000,DAL
Devin Harris,34,point guard,75,192,2/27/83,us,11,University of Wisconsin,8,32,64,0,1280,167,374,0.447,52,158,0.329,115,216,0.532,0.516,101,140,0.721,18,120,138,118,60,13,66,124,487,6,4053000,DAL
Dirk Nowitzki,41,power forward,84,245,6/19/78,de,17,NA,2,37,75,75,2364,498,1112,0.448,126,342,0.368,372,770,0.483,0.504,250,280,0.893,52,437,489,132,52,52,84,161,1372,3,8333334,DAL
Dwight Powell,7,power forward,83,240,7/20/91,ca,1,Stanford University,9,24,69,2,992,146,296,0.493,2,16,0.125,144,280,0.514,0.497,105,142,0.739,84,189,273,44,36,24,40,118,399,15,845059,DAL
J.J. Barea,5,point guard,72,185,6/26/84,pr,9,Northeastern University,7,31,74,16,1667,317,711,0.446,100,260,0.385,217,451,0.481,0.516,74,96,0.771,26,126,152,302,26,2,113,110,808,7,4000000,DAL
JaVale McGee,11,center,84,270,1/19/88,us,7,"University of Nevada, Reno",14,28,34,2,370,77,134,0.575,0,1,0,77,133,0.579,0.575,18,36,0.5,53,80,133,3,5,26,21,49,172,13,1270964,DAL
Jeremy Evans,21,small forward,81,200,10/24/87,us,5,Western Kentucky University,15,28,30,2,251,26,48,0.542,4,16,0.25,22,32,0.688,0.583,15,21,0.714,11,43,54,2,6,9,7,19,71,14,1100602,DAL
John Jenkins,12,shooting guard,76,215,3/6/91,us,3,Vanderbilt University,16,24,21,1,193,29,70,0.414,3,19,0.158,26,51,0.51,0.436,8,9,0.889,4,18,22,9,3,0,11,11,69,NA,NA,DAL
Justin Anderson,1,small forward,78,228,11/19/93,us,0,University of Virginia,11,22,55,9,647,71,175,0.406,22,83,0.265,49,92,0.533,0.469,44,55,0.8,18,114,132,29,19,25,24,45,208,12,1449000,DAL
Raymond Felton,2,point guard,73,205,6/26/84,us,10,University of North Carolina,3,31,80,31,2192,277,682,0.406,60,213,0.282,217,469,0.463,0.45,149,176,0.847,36,222,258,284,68,15,121,141,763,8,3950313,DAL
Salah Mejri,50,center,85,245,6/15/86,tn,0,NA,13,29,34,6,397,49,78,0.628,0,1,0,49,77,0.636,0.628,27,46,0.587,41,82,123,10,8,36,23,54,125,17,525093,DAL
Wesley Matthews,23,shooting guard,77,220,10/14/86,us,6,Marquette University,1,29,78,78,2644,331,854,0.388,189,525,0.36,142,329,0.432,0.498,126,146,0.863,27,211,238,151,78,17,78,179,977,1,16400000,DAL
Zaza Pachulia,27,center,83,270,2/10/84,ge,12,NA,5,31,76,69,2004,219,470,0.466,0,3,0,219,467,0.469,0.466,212,276,0.768,249,469,718,128,64,22,119,181,650,5,5200000,DAL
Axel Toupane,6,small forward,79,197,7/23/92,fr,0,NA,16,23,21,0,305,25,70,0.357,13,40,0.325,12,30,0.4,0.45,13,17,0.765,8,23,31,15,7,6,6,40,76,20,123552,DEN
D.J. Augustin,12,point guard,72,183,11/10/87,us,7,University of Texas at Austin,11,28,28,0,659,102,229,0.445,44,107,0.411,58,122,0.475,0.541,77,94,0.819,3,49,52,132,25,2,54,44,325,9,3000000,DEN
Danilo Gallinari,8,small forward,82,225,8/8/88,it,6,NA,4,27,53,53,1839,287,700,0.41,87,239,0.364,200,461,0.434,0.472,375,432,0.868,52,229,281,135,42,19,77,87,1036,1,14000000,DEN
Darrell Arthur,0,power forward,81,235,3/25/88,us,6,University of Kansas,7,27,70,16,1516,221,489,0.452,45,117,0.385,176,372,0.473,0.498,40,53,0.755,86,207,293,96,53,48,66,185,527,10,2814000,DEN
Emmanuel Mudiay,0,point guard,77,200,3/5/96,cd,0,NA,3,19,68,66,2068,329,905,0.364,74,232,0.319,255,673,0.379,0.404,140,209,0.67,32,200,232,372,65,35,217,141,872,8,3102240,DEN
Erick Green,11,point guard,76,185,5/9/91,us,1,Virginia Polytechnic Institute and State University,19,24,3,0,7,0,1,0,0,1,0,0,0,NA,0,0,0,NA,0,1,1,1,0,0,0,0,0,21,100000,DEN
Gary Harris,14,shooting guard,76,210,9/14/94,us,1,Michigan State University,1,21,76,76,2439,359,765,0.469,105,297,0.354,254,468,0.543,0.538,109,133,0.82,54,166,220,147,97,18,98,143,932,13,1587480,DEN
J.J. Hickson,7,center,81,242,9/4/88,us,7,North Carolina State University,15,27,20,9,305,55,109,0.505,0,0,NA,55,109,0.505,0.505,27,59,0.458,22,65,87,16,10,12,16,35,137,4,5613500,DEN
JaKarr Sampson,9,small forward,81,214,3/20/93,us,1,St. John's University,13,22,26,22,469,54,115,0.47,8,29,0.276,46,86,0.535,0.504,18,25,0.72,16,45,61,16,12,17,19,51,134,19,285489,DEN
Jameer Nelson,1,point guard,72,190,2/9/82,us,11,Saint Joseph's University,10,33,39,15,1036,113,307,0.368,43,144,0.299,70,163,0.429,0.438,30,35,0.857,19,96,115,190,25,5,66,100,299,5,4500000,DEN
Joffrey Lauvergne,77,center,83,220,9/30/91,fr,1,NA,9,24,59,15,1041,195,380,0.513,13,53,0.245,182,327,0.557,0.53,62,69,0.899,77,213,290,56,13,15,54,115,465,12,1709720,DEN
Jusuf Nurkic,23,center,84,280,8/23/94,ba,1,NA,12,21,32,3,547,101,242,0.417,0,3,0,101,239,0.423,0.417,61,99,0.616,65,110,175,40,24,44,55,91,263,11,1842000,DEN
Kenneth Faried,35,power forward,80,228,11/19/89,us,4,Morehead State University,6,26,67,64,1694,349,626,0.558,1,2,0.5,348,624,0.558,0.558,136,222,0.613,235,346,581,79,32,60,91,169,835,2,11235955,DEN
Kostas Papanikolaou,16,small forward,80,225,7/31/90,gr,1,NA,17,25,26,6,294,24,66,0.364,10,32,0.313,14,34,0.412,0.439,9,14,0.643,8,32,40,16,13,5,21,24,67,18,350000,DEN
Mike Miller,3,small forward,80,218,2/19/80,us,15,University of Florida,14,35,47,2,373,22,62,0.355,19,52,0.365,3,10,0.3,0.508,0,0,NA,6,47,53,40,13,4,17,53,63,14,1499187,DEN
Nikola Jokic,15,center,82,250,2/19/95,rs,0,NA,5,20,80,55,1733,307,600,0.512,28,84,0.333,279,516,0.541,0.535,154,190,0.811,181,379,560,189,79,50,104,208,796,15,1300000,DEN
Randy Foye,4,shooting guard,76,213,9/24/83,us,9,Villanova University,8,32,54,7,1070,117,333,0.351,50,169,0.296,67,164,0.409,0.426,39,47,0.83,16,89,105,112,26,16,58,83,323,NA,NA,DEN
Sean Kilpatrick,6,shooting guard,76,210,1/6/90,us,1,University of Cincinnati,18,26,8,0,82,8,21,0.381,4,17,0.235,4,4,1,0.476,7,8,0.875,2,4,6,3,2,0,4,7,27,22,99418,DEN
Will Barton,5,shooting guard,78,175,1/6/91,us,3,University of Memphis,2,25,82,1,2353,425,983,0.432,112,325,0.345,313,658,0.476,0.489,216,268,0.806,59,417,476,203,71,39,139,147,1178,7,3333333,DEN
Andre Drummond,0,center,83,279,8/10/93,us,3,University of Connecticut,3,22,81,81,2666,552,1060,0.521,2,6,0.333,550,1054,0.522,0.522,208,586,0.355,395,803,1198,67,119,112,155,245,1314,7,3272091,DET
Anthony Tolliver,43,power forward,80,240,6/1/85,us,7,Creighton University,7,30,72,5,1341,128,332,0.386,98,272,0.36,30,60,0.5,0.533,29,47,0.617,39,190,229,52,26,16,28,86,383,8,3000000,DET
Aron Baynes,12,center,82,260,12/9/86,nz,3,Washington State University,8,29,81,1,1233,194,384,0.505,0,2,0,194,382,0.508,0.505,126,165,0.764,140,244,384,51,21,52,67,151,514,3,6500000,DET
Brandon Jennings,7,point guard,73,170,9/23/89,us,6,NA,12,26,23,1,416,53,143,0.371,24,77,0.312,29,66,0.439,0.455,27,38,0.711,5,41,46,70,11,2,22,24,157,NA,NA,DET
Darrun Hilliard,6,shooting guard,78,205,4/13/93,us,0,Villanova University,13,22,38,2,383,52,131,0.397,19,50,0.38,33,81,0.407,0.469,29,40,0.725,5,40,45,27,9,1,19,28,152,17,525093,DET
Ersan Ilyasova,23,power forward,82,235,5/15/87,tr,7,NA,6,28,52,52,1434,216,508,0.425,78,215,0.363,138,293,0.471,0.502,79,109,0.725,99,183,282,55,38,27,59,120,589,NA,NA,DET
Jodie Meeks,20,shooting guard,76,210,8/21/87,us,6,University of Kentucky,16,28,3,0,43,7,20,0.35,4,9,0.444,3,11,0.273,0.45,4,4,1,1,4,5,3,0,0,1,2,22,4,6270000,DET
Joel Anthony,50,center,81,245,8/9/82,ca,8,"University of Nevada, Las Vegas",15,33,19,0,96,6,10,0.6,0,0,NA,6,10,0.6,0.6,6,8,0.75,8,13,21,1,2,12,2,15,18,11,2500000,DET
Justin Harper,32,power forward,82,225,8/30/89,us,1,University of Richmond,17,26,5,0,35,4,10,0.4,4,9,0.444,0,1,0,0.6,1,2,0.5,0,1,1,0,1,0,2,3,13,20,99418,DET
Kentavious Caldwell-Pope,5,shooting guard,77,205,2/18/93,us,2,University of Georgia,2,22,76,76,2789,403,960,0.42,114,369,0.309,289,591,0.489,0.479,185,228,0.811,70,212,282,138,110,17,105,167,1105,9,2891760,DET
Marcus Morris,13,small forward,81,235,9/2/89,us,4,University of Kansas,1,26,80,80,2856,410,945,0.434,108,298,0.362,302,647,0.467,0.491,203,271,0.749,91,313,404,201,67,23,140,170,1131,6,5000000,DET
Reggie Bullock,25,small forward,79,205,3/16/91,us,2,University of North Carolina,11,24,37,0,429,43,98,0.439,22,53,0.415,21,45,0.467,0.551,14,15,0.933,14,54,68,27,10,2,8,29,122,15,1252440,DET
Reggie Jackson,1,point guard,75,208,4/16/90,it,4,Boston College,4,25,79,79,2424,540,1244,0.434,118,334,0.353,422,910,0.464,0.482,291,337,0.864,58,195,253,492,59,11,223,187,1489,2,14000000,DET
Spencer Dinwiddie,8,point guard,78,200,4/6/93,us,1,University of Colorado,14,22,12,0,159,19,54,0.352,1,10,0.1,18,44,0.409,0.361,19,33,0.576,4,13,17,22,3,0,7,20,58,16,845059,DET
Stanley Johnson,3,small forward,79,245,5/29/96,us,0,University of Arizona,5,19,73,6,1687,225,600,0.375,63,205,0.307,162,395,0.41,0.428,80,102,0.784,58,248,306,118,55,12,114,178,593,10,2841960,DET
Steve Blake,22,point guard,75,172,2/26/80,us,12,University of Maryland,9,35,58,2,986,93,240,0.388,52,151,0.344,41,89,0.461,0.496,16,20,0.8,9,80,89,200,24,5,81,70,254,13,2170465,DET
Tobias Harris,34,power forward,81,235,7/15/92,us,4,University of Tennessee,10,23,27,25,903,166,348,0.477,33,88,0.375,133,260,0.512,0.524,82,90,0.911,25,143,168,70,18,12,30,62,447,1,16000000,DET
Anderson Varejao,18,center,82,273,9/28/82,br,11,NA,14,33,22,0,186,21,48,0.438,0,0,NA,21,48,0.438,0.438,16,29,0.552,13,37,50,15,5,5,6,35,58,16,458575,GSW
Andre Iguodala,9,small forward,78,215,1/28/84,us,11,University of Arizona,5,32,65,1,1732,176,368,0.478,54,154,0.351,122,214,0.57,0.552,51,83,0.614,52,211,263,219,73,19,79,102,457,4,11710456,GSW
Andrew Bogut,12,center,84,260,11/28/84,au,10,University of Utah,7,31,70,66,1451,175,279,0.627,1,1,1,174,278,0.626,0.629,24,50,0.48,121,371,492,162,33,114,83,221,375,3,12000000,GSW
Brandon Rush,4,shooting guard,78,220,7/7/85,us,7,University of Kansas,9,30,72,25,1055,111,260,0.427,65,157,0.414,46,103,0.447,0.552,18,28,0.643,21,160,181,57,20,23,33,57,305,12,1270964,GSW
Draymond Green,23,power forward,79,230,3/4/90,us,3,Michigan State University,1,25,81,81,2808,401,819,0.49,100,258,0.388,301,561,0.537,0.551,229,329,0.696,134,635,769,598,119,113,259,240,1131,2,14300000,GSW
Festus Ezeli,31,center,83,255,10/21/89,ng,2,Vanderbilt University,11,26,46,13,770,125,228,0.548,0,0,NA,125,228,0.548,0.548,70,132,0.53,91,166,257,32,18,50,38,94,320,11,2008748,GSW
Harrison Barnes,40,small forward,80,210,5/30/92,us,3,University of North Carolina,4,23,66,59,2042,295,633,0.466,82,214,0.383,213,419,0.508,0.531,102,134,0.761,77,248,325,117,41,10,57,136,774,8,3873398,GSW
Ian Clark,21,shooting guard,75,175,3/7/91,us,2,Belmont University,12,24,66,1,578,89,202,0.441,30,84,0.357,59,118,0.5,0.515,28,34,0.824,13,55,68,64,17,13,43,58,236,14,947276,GSW
James Michael McAdoo,20,power forward,81,230,1/4/93,us,1,University of North Carolina,13,23,41,1,262,45,84,0.536,1,2,0.5,44,82,0.537,0.542,26,49,0.531,30,28,58,17,10,8,16,39,117,15,845059,GSW
Jason Thompson,1,center,83,250,7/21/86,us,7,Rider University,15,29,28,1,179,20,42,0.476,0,0,NA,20,42,0.476,0.476,20,32,0.625,10,44,54,19,4,8,7,40,60,6,6431250,GSW
Kevon Looney,36,power forward,81,220,2/6/96,us,0,"University of California, Los Angeles",16,19,5,0,21,4,7,0.571,1,2,0.5,3,5,0.6,0.643,0,0,NA,4,6,10,0,0,0,1,2,9,13,1131960,GSW
Klay Thompson,11,shooting guard,79,215,2/8/90,us,4,Washington State University,3,25,80,80,2666,651,1386,0.47,276,650,0.425,375,736,0.51,0.569,193,221,0.873,35,271,306,166,60,49,138,152,1771,1,15500000,GSW
Leandro Barbosa,19,shooting guard,75,194,11/28/82,br,12,NA,8,33,68,0,1079,171,370,0.462,39,110,0.355,132,260,0.508,0.515,52,62,0.839,28,89,117,82,44,10,53,107,433,10,2500000,GSW
Marreese Speights,5,center,82,255,8/4/87,us,7,University of Florida,10,28,72,0,832,197,456,0.432,24,62,0.387,173,394,0.439,0.458,94,114,0.825,77,162,239,61,19,34,66,117,512,9,3815000,GSW
Shaun Livingston,34,point guard,79,192,9/11/85,us,10,NA,6,30,78,3,1520,203,379,0.536,2,12,0.167,201,367,0.548,0.538,80,93,0.86,42,127,169,237,57,27,78,140,488,7,5543725,GSW
Stephen Curry,30,point guard,75,190,3/14/88,us,6,Davidson College,2,27,79,79,2700,805,1598,0.504,402,886,0.454,403,712,0.566,0.63,363,400,0.908,68,362,430,527,169,15,262,161,2375,5,11370786,GSW
Andrew Goudelock,0,point guard,75,200,12/7/88,us,2,College of Charleston,16,27,8,0,50,9,20,0.45,1,9,0.111,8,11,0.727,0.475,3,4,0.75,1,1,2,4,6,2,7,4,22,17,200600,HOU
Chuck Hayes,44,center,78,240,6/11/83,us,10,University of Kentucky,17,32,2,0,24,1,2,0.5,0,0,NA,1,2,0.5,0.5,2,2,1,0,8,8,2,0,0,3,6,4,18,83583,HOU
Clint Capela,15,center,82,240,5/18/94,ch,1,NA,6,21,77,35,1471,231,397,0.582,0,1,0,231,396,0.583,0.582,80,211,0.379,194,300,494,47,59,92,60,190,542,13,1242720,HOU
Corey Brewer,33,small forward,81,186,3/5/86,us,8,University of Florida,5,29,82,12,1669,212,552,0.384,61,224,0.272,151,328,0.46,0.439,105,140,0.75,42,157,199,109,84,19,78,168,590,4,8200000,HOU
Donatas Motiejunas,20,power forward,84,222,9/20/90,lt,3,NA,11,25,37,22,547,90,205,0.439,16,57,0.281,74,148,0.5,0.478,34,53,0.642,37,72,109,41,17,5,44,69,230,9,2288205,HOU
Dwight Howard,12,center,83,265,12/8/85,us,11,NA,3,30,71,71,2280,372,600,0.62,0,6,0,372,594,0.626,0.62,232,474,0.489,238,597,835,98,69,113,166,219,976,1,22359364,HOU
James Harden,13,shooting guard,77,220,8/26/89,us,6,Arizona State University,1,26,82,82,3125,710,1617,0.439,236,657,0.359,474,960,0.494,0.512,720,837,0.86,63,438,501,612,139,51,374,229,2376,2,15756438,HOU
Jason Terry,31,shooting guard,74,185,9/15/77,us,16,University of Arizona,7,38,72,7,1258,151,376,0.402,93,261,0.356,58,115,0.504,0.525,27,33,0.818,14,65,79,103,47,9,49,91,422,11,1499187,HOU
Josh Smith,5,power forward,81,225,12/5/85,us,11,NA,12,30,23,6,421,58,169,0.343,23,85,0.271,35,84,0.417,0.411,12,25,0.48,18,49,67,48,16,13,36,56,151,12,1499000,HOU
K.J. McDaniels,32,small forward,78,205,2/9/93,us,1,Clemson University,15,22,37,1,235,29,72,0.403,7,25,0.28,22,47,0.468,0.451,24,30,0.8,16,26,42,10,7,6,17,30,89,7,3333333,HOU
Marcus Thornton,10,shooting guard,76,205,6/5/87,us,6,Louisiana State University,10,28,47,6,885,174,435,0.4,73,216,0.338,101,219,0.461,0.484,51,58,0.879,31,84,115,66,34,3,40,73,472,14,1186000,HOU
Michael Beasley,8,small forward,81,235,1/9/89,us,7,Kansas State University,14,27,20,0,363,107,205,0.522,3,9,0.333,104,196,0.531,0.529,38,49,0.776,29,69,98,16,11,9,24,39,255,16,306527,HOU
Montrezl Harrell,35,power forward,80,240,1/26/94,us,0,University of Louisville,13,22,39,1,379,58,90,0.644,0,1,0,58,89,0.652,0.644,24,46,0.522,25,40,65,17,11,11,17,48,140,15,1000000,HOU
Patrick Beverley,2,point guard,73,185,7/12/88,us,3,University of Arkansas,4,27,71,63,2041,258,594,0.434,124,310,0.4,134,284,0.472,0.539,60,88,0.682,73,177,250,239,94,26,91,234,700,6,6500000,HOU
Sam Dekker,7,small forward,81,230,5/6/94,us,0,University of Wisconsin,18,21,3,0,6,0,0,NA,0,0,NA,0,0,NA,NA,0,0,NA,0,1,1,0,1,0,0,0,0,10,1646400,HOU
Terrence Jones,6,power forward,81,252,1/9/92,us,3,University of Kentucky,9,24,50,11,1044,166,367,0.452,25,79,0.316,141,288,0.49,0.486,77,116,0.664,62,149,211,41,23,39,49,86,434,8,2489530,HOU
Trevor Ariza,1,small forward,80,215,6/30/85,us,11,"University of California, Los Angeles",2,30,81,81,2859,357,859,0.416,185,499,0.371,172,360,0.478,0.523,126,161,0.783,67,299,366,188,160,26,113,177,1025,5,8193030,HOU
Ty Lawson,3,point guard,71,195,11/3/87,us,6,University of North Carolina,8,28,53,12,1176,111,287,0.387,31,94,0.33,80,193,0.415,0.441,56,80,0.7,20,69,89,180,43,6,82,71,309,3,12404495,HOU
C.J. Miles,0,small forward,78,225,4/18/87,us,10,NA,7,28,64,24,1464,259,634,0.409,142,387,0.367,117,247,0.474,0.521,93,124,0.75,25,150,175,63,53,29,70,142,753,6,4394225,IND
Chase Budinger,10,small forward,79,209,5/22/88,us,6,University of Arizona,11,27,49,2,729,81,194,0.418,20,69,0.29,61,125,0.488,0.469,34,48,0.708,31,90,121,49,29,9,31,46,216,5,5000000,IND
George Hill,3,point guard,75,188,5/4/86,us,7,Indiana University-Purdue University Indianapolis,3,29,74,73,2524,326,739,0.441,128,314,0.408,198,425,0.466,0.528,114,150,0.76,58,240,298,259,83,17,101,149,894,3,8000000,IND
Glenn Robinson,40,small forward,78,222,1/8/94,us,1,University of Michigan,12,22,45,4,508,65,151,0.43,14,37,0.378,51,114,0.447,0.477,27,39,0.692,12,56,68,26,17,9,18,21,171,15,845000,IND
Ian Mahinmi,28,center,83,250,11/5/86,fr,7,NA,4,29,71,71,1816,264,448,0.589,0,0,NA,264,448,0.589,0.589,132,225,0.587,138,369,507,104,65,75,100,220,660,8,4000000,IND
Joe Young,1,point guard,74,180,6/27/92,us,0,University of Oregon,13,23,41,0,384,62,169,0.367,10,46,0.217,52,123,0.423,0.396,20,25,0.8,6,44,50,65,15,0,33,30,154,NA,NA,IND
Jordan Hill,27,center,82,235,7/27/87,us,6,University of Arizona,6,28,73,11,1513,278,549,0.506,0,1,0,278,548,0.507,0.506,89,125,0.712,156,295,451,87,36,37,92,155,645,7,4000000,IND
Lavoy Allen,5,power forward,81,260,2/4/89,us,4,Temple University,5,26,79,28,1599,191,370,0.516,0,0,NA,191,370,0.516,0.516,46,73,0.63,162,262,424,76,26,42,69,147,428,9,3700000,IND
Monta Ellis,11,shooting guard,75,185,10/26/85,us,10,NA,2,30,81,81,2734,436,1021,0.427,87,282,0.309,349,739,0.472,0.47,162,206,0.786,42,229,271,383,150,37,203,174,1121,2,10300000,IND
Myles Turner,33,center,83,243,3/24/96,us,0,University of Texas at Austin,8,19,60,30,1367,264,530,0.498,3,14,0.214,261,516,0.506,0.501,88,121,0.727,68,264,332,41,25,86,67,158,619,10,2357760,IND
Paul George,13,small forward,81,220,5/2/90,us,5,"California State University, Fresno",1,25,81,81,2819,605,1449,0.418,210,566,0.371,395,883,0.447,0.49,454,528,0.86,79,484,563,329,152,29,265,230,1874,1,17120106,IND
Rakeem Christmas,25,power forward,81,250,12/1/91,us,0,Syracuse University,16,24,1,0,6,2,2,1,0,0,NA,2,2,1,1,0,0,NA,1,0,1,0,0,0,0,1,4,12,1000000,IND
Rodney Stuckey,2,point guard,77,210,4/21/86,us,8,Eastern Washington University,9,29,58,1,1275,183,443,0.413,20,83,0.241,163,360,0.453,0.436,131,158,0.829,19,137,156,142,43,8,76,77,517,4,6500000,IND
Shayne Whittington,42,power forward,83,250,3/27/91,us,1,Western Michigan University,15,24,7,0,41,5,11,0.455,0,2,0,5,9,0.556,0.455,1,2,0.5,5,7,12,3,1,1,5,7,11,14,845059,IND
Solomon Hill,44,small forward,79,225,3/18/91,us,2,University of Arizona,10,24,59,3,866,93,208,0.447,24,74,0.324,69,134,0.515,0.505,36,42,0.857,39,127,166,57,37,11,33,68,246,11,1358880,IND
Ty Lawson,10,point guard,71,195,11/3/87,us,6,University of North Carolina,14,28,13,1,235,28,67,0.418,5,14,0.357,23,53,0.434,0.455,3,6,0.5,6,25,31,57,10,1,13,16,64,17,265058,IND
Alex Stepheson,35,power forward,82,270,8/7/87,us,0,University of Southern California,18,28,4,0,12,1,1,1,0,0,NA,1,1,1,1,0,2,0,1,1,2,0,0,2,0,4,2,18,61776,LAC
Austin Rivers,25,shooting guard,76,200,8/1/92,us,3,Duke University,6,23,67,7,1464,226,516,0.438,62,185,0.335,164,331,0.495,0.498,79,116,0.681,22,108,130,99,48,9,61,137,593,8,3100000,LAC
Blake Griffin,32,power forward,82,251,3/16/89,us,5,University of Oklahoma,9,26,35,35,1170,301,603,0.499,6,18,0.333,295,585,0.504,0.504,141,194,0.727,51,243,294,170,28,17,83,95,749,3,18907725,LAC
Branden Dawson,22,power forward,78,225,2/1/93,us,0,Michigan State University,17,22,6,0,29,2,5,0.4,0,0,NA,2,5,0.4,0.4,1,1,1,2,2,4,0,0,1,0,2,5,15,525093,LAC
C.J. Wilcox,30,shooting guard,77,195,12/30/90,us,1,University of Washington,15,25,23,0,167,26,66,0.394,9,23,0.391,17,43,0.395,0.462,9,12,0.75,1,11,12,10,10,2,2,15,70,10,1159680,LAC
Chris Paul,3,point guard,72,175,5/6/85,us,10,Wake Forest University,2,30,74,74,2420,515,1114,0.462,122,329,0.371,393,785,0.501,0.517,294,328,0.896,39,271,310,738,152,13,194,185,1446,1,21468696,LAC
Cole Aldrich,45,center,83,250,10/31/88,us,5,University of Kansas,11,27,60,5,800,134,225,0.596,0,0,NA,134,225,0.596,0.596,60,84,0.714,86,202,288,50,47,68,64,139,328,12,1100600,LAC
DeAndre Jordan,6,center,83,265,7/21/88,us,7,Texas A&M University,1,27,77,77,2598,357,508,0.703,0,1,0,357,507,0.704,0.703,266,619,0.43,267,792,1059,90,51,177,107,207,980,2,19500000,LAC
J.J. Redick,4,shooting guard,76,190,6/24/84,us,9,Duke University,4,31,75,75,2097,422,880,0.48,200,421,0.475,222,459,0.484,0.593,182,205,0.888,10,129,139,106,42,5,78,135,1226,5,6867000,LAC
Jamal Crawford,11,shooting guard,77,200,3/20/80,us,15,University of Michigan,3,35,79,5,2126,379,939,0.404,117,344,0.34,262,595,0.44,0.466,245,271,0.904,20,125,145,183,52,12,113,122,1120,6,5675000,LAC
Jeff Ayres,19,center,81,240,4/29/87,us,5,Arizona State University,16,28,17,0,107,12,23,0.522,0,1,0,12,22,0.545,0.522,6,6,1,4,18,22,5,0,3,6,18,30,16,317232,LAC
Jeff Green,8,small forward,81,235,8/28/86,us,7,Georgetown University,12,29,27,10,709,114,267,0.427,25,77,0.325,89,190,0.468,0.474,40,65,0.615,19,72,91,40,18,21,24,62,293,4,9200000,LAC
Josh Smith,5,power forward,81,225,12/5/85,us,11,NA,14,30,32,1,459,69,180,0.383,18,58,0.31,51,122,0.418,0.433,25,42,0.595,33,92,125,42,18,34,41,62,181,NA,NA,LAC
Lance Stephenson,1,small forward,77,230,9/5/90,us,5,University of Cincinnati,13,25,43,10,680,82,166,0.494,19,47,0.404,63,119,0.529,0.551,21,30,0.7,19,89,108,60,24,3,48,79,204,NA,NA,LAC
Luc Mbah a Moute,12,power forward,80,230,9/9/86,cm,7,"University of California, Los Angeles",7,29,75,61,1274,94,207,0.454,13,40,0.325,81,167,0.485,0.486,30,57,0.526,60,111,171,30,44,19,34,100,231,9,1270964,LAC
Pablo Prigioni,9,point guard,75,185,5/17/77,ar,3,NA,10,38,59,3,823,55,147,0.374,28,95,0.295,27,52,0.519,0.469,7,8,0.875,38,76,114,130,53,1,49,82,145,13,981348,LAC
Paul Pierce,34,small forward,79,235,10/13/77,us,17,University of Kansas,8,38,68,38,1231,144,397,0.363,75,242,0.31,69,155,0.445,0.457,54,66,0.818,12,174,186,71,33,17,58,129,417,7,3400000,LAC
Wesley Johnson,33,small forward,79,215,7/11/87,us,5,Syracuse University,5,28,80,9,1666,208,515,0.404,103,309,0.333,105,206,0.51,0.504,30,46,0.652,37,211,248,49,89,56,54,173,549,11,1100600,LAC
Anthony Brown,3,small forward,79,210,10/10/92,us,0,Stanford University,11,23,29,11,599,39,126,0.31,20,70,0.286,19,56,0.339,0.389,17,20,0.85,9,61,70,19,14,5,15,34,115,14,700000,LAL
Brandon Bass,2,power forward,80,250,4/30/85,us,10,Louisiana State University,7,30,66,0,1342,174,317,0.549,0,2,0,174,315,0.552,0.549,125,148,0.845,104,181,285,74,33,55,42,125,473,7,3000000,LAL
D'Angelo Russell,1,point guard,77,195,2/23/96,us,0,Ohio State University,3,19,80,48,2259,392,956,0.41,130,370,0.351,262,586,0.447,0.478,140,190,0.737,47,227,274,266,93,13,196,142,1054,5,5103120,LAL
Jordan Clarkson,6,shooting guard,77,194,6/7/92,us,1,University of Missouri,1,23,79,79,2552,475,1098,0.433,111,320,0.347,364,778,0.468,0.483,164,204,0.804,93,220,313,192,88,7,135,168,1225,12,845059,LAL
Julius Randle,30,power forward,81,250,11/29/94,us,1,University of Kentucky,2,21,81,60,2286,358,835,0.429,10,36,0.278,348,799,0.436,0.435,193,270,0.715,172,657,829,144,53,29,149,242,919,6,3132240,LAL
Kobe Bryant,24,small forward,78,212,8/23/78,us,19,NA,6,37,66,66,1863,398,1113,0.358,133,467,0.285,265,646,0.41,0.417,232,281,0.826,41,206,247,184,62,13,129,115,1161,1,25000000,LAL
Larry Nance Jr.,7,power forward,81,230,1/1/93,us,0,University of Wyoming,8,23,63,22,1266,158,300,0.527,1,10,0.1,157,290,0.541,0.528,32,47,0.681,101,211,312,44,54,23,41,124,349,10,1155600,LAL
Lou Williams,23,shooting guard,73,175,10/27/86,us,10,NA,4,29,67,35,1907,283,693,0.408,110,320,0.344,173,373,0.464,0.488,352,424,0.83,31,138,169,167,62,19,107,107,1028,3,7000000,LAL
Marcelo Huertas,9,point guard,75,200,5/25/83,br,0,NA,10,32,53,0,869,97,230,0.422,16,61,0.262,81,169,0.479,0.457,27,29,0.931,18,72,90,182,26,7,80,76,237,15,525093,LAL
Metta World Peace,37,small forward,78,260,11/13/79,us,15,St. John's University,12,36,35,5,590,55,177,0.311,26,84,0.31,29,93,0.312,0.384,40,57,0.702,19,70,89,27,22,11,15,67,176,9,1499187,LAL
Nick Young,0,shooting guard,79,210,6/1/85,us,8,University of Southern California,9,30,54,2,1033,126,372,0.339,77,237,0.325,49,135,0.363,0.442,63,76,0.829,14,83,97,34,23,7,30,50,392,4,5219169,LAL
Robert Sacre,50,center,84,270,6/6/89,us,3,Gonzaga University,15,26,25,1,320,31,75,0.413,0,0,NA,31,75,0.413,0.413,25,38,0.658,32,40,72,14,4,10,12,43,87,11,981348,LAL
Roy Hibbert,17,center,86,270,12/11/86,us,7,Georgetown University,5,29,81,81,1878,182,411,0.443,0,2,0,182,409,0.445,0.443,117,145,0.807,132,266,398,95,32,110,76,252,481,2,15500000,LAL
Ryan Kelly,4,power forward,83,230,4/9/91,us,2,Duke University,14,24,36,0,470,55,149,0.369,5,37,0.135,50,112,0.446,0.386,37,54,0.685,21,100,121,20,13,10,18,39,152,8,1724250,LAL
Tarik Black,28,center,81,250,11/22/91,us,1,University of Kansas,13,24,39,0,496,57,104,0.548,0,0,NA,57,104,0.548,0.548,19,45,0.422,44,113,157,16,14,18,22,78,133,13,845059,LAL
Alex Stepheson,35,power forward,82,270,8/7/87,us,0,University of Southern California,23,28,4,0,61,8,26,0.308,0,0,NA,8,26,0.308,0.308,4,10,0.4,18,8,26,2,1,3,0,8,20,24,30888,MEM
Beno Udrih,19,point guard,75,205,7/5/82,si,11,NA,21,33,8,0,120,20,46,0.435,4,11,0.364,16,35,0.457,0.478,3,3,1,2,7,9,26,3,1,11,11,47,NA,NA,MEM
Brandan Wright,34,power forward,82,210,10/5/87,us,7,University of North Carolina,19,28,12,2,212,35,52,0.673,0,0,NA,35,52,0.673,0.673,13,24,0.542,14,29,43,6,5,15,10,21,83,5,5500000,MEM
Briante Weber,2,point guard,74,165,12/29/92,us,0,Virginia Commonwealth University,20,23,6,4,166,13,38,0.342,0,5,0,13,33,0.394,0.342,3,4,0.75,8,16,24,20,9,3,9,11,29,23,30888,MEM
Bryce Cotton,8,point guard,73,165,8/11/92,us,1,Providence College,27,23,5,0,6,2,2,1,0,0,NA,2,2,1,1,0,0,NA,0,0,0,0,0,0,0,0,4,21,64622,MEM
Chris Andersen,7,center,82,245,7/7/78,us,13,Blinn College,15,37,20,14,366,34,62,0.548,2,9,0.222,32,53,0.604,0.565,22,32,0.688,33,56,89,9,14,10,7,25,92,7,5000000,MEM
Courtney Lee,5,shooting guard,77,200,10/3/85,us,7,Western Kentucky University,7,30,51,37,1489,192,419,0.458,51,138,0.37,141,281,0.502,0.519,76,92,0.826,19,99,118,76,52,16,49,79,511,NA,NA,MEM
Elliot Williams,25,point guard,77,190,6/20/89,us,3,University of Memphis,24,26,5,0,45,2,10,0.2,1,4,0.25,1,6,0.167,0.25,3,4,0.75,1,3,4,4,0,0,1,2,8,22,55722,MEM
James Ennis,8,small forward,79,210,7/1/90,us,1,"California State University, Long Beach",25,25,10,0,40,4,13,0.308,2,8,0.25,2,5,0.4,0.385,6,10,0.6,4,3,7,2,4,2,2,1,16,14,845059,MEM
JaMychal Green,0,power forward,81,227,6/21/90,us,1,University of Alabama,8,25,78,15,1446,230,495,0.465,15,45,0.333,215,450,0.478,0.48,103,137,0.752,139,234,373,67,46,33,83,189,578,15,845059,MEM
Jarell Martin,10,power forward,82,239,5/24/94,us,0,Louisiana State University,13,21,27,0,380,54,116,0.466,0,2,0,54,114,0.474,0.466,45,62,0.726,39,47,86,15,8,7,19,58,153,12,1230840,MEM
Jarnell Stokes,1,center,81,263,1/7/94,us,1,University of Tennessee,28,22,2,0,4,0,0,NA,0,0,NA,0,0,NA,NA,0,0,NA,1,1,2,0,0,0,0,0,0,NA,NA,MEM
Jeff Green,32,small forward,81,235,8/28/86,us,7,Georgetown University,6,29,53,31,1544,240,557,0.431,42,136,0.309,198,421,0.47,0.469,124,155,0.8,55,186,241,98,40,19,69,102,646,NA,NA,MEM
Jordan Adams,3,shooting guard,77,209,7/8/94,us,1,"University of California, Los Angeles",26,21,2,0,15,2,6,0.333,0,1,0,2,5,0.4,0.333,3,5,0.6,0,2,2,3,3,0,2,2,7,11,1404600,MEM
Jordan Farmar,4,point guard,74,180,11/30/86,us,8,"University of California, Los Angeles",16,29,12,10,291,42,100,0.42,16,45,0.356,26,55,0.473,0.5,10,10,1,4,21,25,37,15,2,18,22,110,18,191456,MEM
Lance Stephenson,1,small forward,77,230,9/5/90,us,5,University of Cincinnati,11,25,26,3,692,146,308,0.474,11,31,0.355,135,277,0.487,0.492,66,81,0.815,21,94,115,73,19,6,46,56,369,4,9000000,MEM
Marc Gasol,33,center,85,255,1/29/85,es,7,NA,3,31,52,52,1791,328,707,0.464,2,3,0.667,326,704,0.463,0.465,203,245,0.829,58,304,362,196,50,70,118,141,861,1,19700000,MEM
Mario Chalmers,6,point guard,74,190,5/19/86,us,7,University of Kansas,9,29,55,7,1253,172,412,0.417,45,138,0.326,127,274,0.464,0.472,206,249,0.827,23,120,143,211,80,12,101,165,595,8,4300000,MEM
Matt Barnes,22,small forward,79,226,3/9/80,us,12,"University of California, Los Angeles",1,35,76,45,2190,264,693,0.381,119,370,0.322,145,323,0.449,0.467,111,138,0.804,84,336,420,163,78,57,121,234,758,10,3542500,MEM
Mike Conley,11,point guard,73,175,10/11/87,us,8,Ohio State University,4,28,56,56,1761,294,696,0.422,78,215,0.363,216,481,0.449,0.478,191,229,0.834,26,138,164,342,67,16,84,100,857,3,9588426,MEM
P.J. Hairston,19,small forward,78,230,12/24/92,us,1,University of North Carolina,14,23,18,9,375,46,132,0.348,16,69,0.232,30,63,0.476,0.409,16,22,0.727,7,39,46,9,8,4,17,31,124,13,1201440,MEM
Ray McCallum,5,point guard,75,190,6/12/91,us,2,University of Detroit Mercy,18,24,10,3,219,28,79,0.354,10,26,0.385,18,53,0.34,0.418,3,5,0.6,2,14,16,27,7,3,13,15,69,19,111444,MEM
Russ Smith,2,point guard,72,165,4/19/91,us,1,University of Louisville,22,24,15,0,66,7,22,0.318,1,5,0.2,6,17,0.353,0.341,8,13,0.615,1,8,9,11,5,1,7,5,23,16,816482,MEM
Ryan Hollins,20,center,84,240,10/10/84,us,9,"University of California, Los Angeles",12,31,32,9,412,45,72,0.625,0,0,NA,45,72,0.625,0.625,26,42,0.619,40,47,87,10,6,20,21,58,116,17,593056,MEM
Tony Allen,9,shooting guard,76,213,1/11/82,us,11,Oklahoma State University,5,34,64,57,1620,215,469,0.458,15,42,0.357,200,427,0.468,0.474,90,138,0.652,104,192,296,70,110,18,78,175,535,6,5168539,MEM
Vince Carter,15,shooting guard,78,220,1/26/77,us,17,University of North Carolina,10,39,60,3,1005,133,343,0.388,59,169,0.349,74,174,0.425,0.474,70,84,0.833,31,115,146,56,38,16,35,101,395,9,4088091,MEM
Xavier Munford,14,shooting guard,74,180,6/1/92,us,0,University of Rhode Island,17,23,14,0,244,32,77,0.416,9,23,0.391,23,54,0.426,0.474,7,14,0.5,3,28,31,22,13,3,15,25,80,20,89588,MEM
Zach Randolph,50,power forward,81,260,7/16/81,us,14,Michigan State University,2,34,68,53,2016,431,907,0.475,6,26,0.231,425,881,0.482,0.479,172,216,0.796,179,350,529,142,43,13,105,146,1040,2,9638555,MEM
Amar'e Stoudemire,5,center,82,245,11/16/82,us,13,NA,11,33,52,36,762,125,221,0.566,0,0,NA,125,221,0.566,0.566,50,67,0.746,65,157,222,27,18,41,47,92,300,9,1499187,MIA
Beno Udrih,19,point guard,75,205,7/5/82,si,11,NA,13,33,36,5,587,66,152,0.434,11,33,0.333,55,119,0.462,0.47,15,17,0.882,6,57,63,90,11,0,42,40,158,8,2170465,MIA
Briante Weber,12,point guard,74,165,12/29/92,us,0,Virginia Commonwealth University,19,23,1,0,3,1,1,1,0,0,NA,1,1,1,1,0,0,NA,0,1,1,1,0,0,0,1,2,16,12355,MIA
Chris Andersen,11,center,82,245,7/7/78,us,13,Blinn College,16,37,7,1,36,4,10,0.4,2,5,0.4,2,5,0.4,0.5,3,4,0.75,3,6,9,3,1,3,2,4,13,NA,NA,MIA
Chris Bosh,1,power forward,83,235,3/24/84,us,12,Georgia Institute of Technology,6,31,53,53,1778,358,767,0.467,81,222,0.365,277,545,0.508,0.52,213,268,0.795,48,342,390,128,36,34,78,101,1010,1,22192730,MIA
Dwyane Wade,3,shooting guard,76,220,1/17/82,us,12,Marquette University,3,34,74,73,2258,540,1183,0.456,7,44,0.159,533,1139,0.468,0.459,322,406,0.793,82,220,302,344,79,42,203,116,1409,2,20000000,MIA
Gerald Green,14,shooting guard,79,205,1/26/86,us,8,NA,7,30,69,14,1557,230,587,0.392,84,260,0.323,146,327,0.446,0.463,72,92,0.783,25,138,163,56,38,19,46,123,616,10,1356000,MIA
Goran Dragic,7,point guard,75,190,5/6/86,si,7,NA,2,29,72,72,2363,417,875,0.477,64,205,0.312,353,670,0.527,0.513,120,165,0.727,54,223,277,419,71,17,185,188,1018,3,14780000,MIA
Hassan Whiteside,21,center,84,265,6/13/89,us,3,Marshall University,5,26,73,43,2125,413,682,0.606,0,0,NA,413,682,0.606,0.606,214,329,0.65,238,627,865,30,44,269,137,201,1040,11,981348,MIA
James Ennis,32,small forward,79,210,7/1/90,us,1,"California State University, Long Beach",18,25,3,0,7,0,0,NA,0,0,NA,0,0,NA,NA,0,0,NA,0,0,0,1,0,0,0,1,0,NA,NA,MIA
Jarnell Stokes,12,center,81,263,1/7/94,us,1,University of Tennessee,17,22,5,0,14,3,5,0.6,0,0,NA,3,5,0.6,0.6,1,2,0.5,0,2,2,1,1,0,0,1,7,NA,NA,MIA
Joe Johnson,2,small forward,79,240,6/29/81,us,14,University of Arkansas,10,34,24,24,769,130,251,0.518,35,84,0.417,95,167,0.569,0.588,26,34,0.765,15,53,68,86,21,2,43,46,321,14,414481,MIA
Josh McRoberts,4,power forward,82,240,2/28/87,us,8,Duke University,12,28,42,1,595,55,148,0.372,12,49,0.245,43,99,0.434,0.412,28,40,0.7,22,83,105,81,18,7,30,68,150,5,5543725,MIA
Josh Richardson,0,shooting guard,78,200,9/15/93,us,0,University of Tennessee,8,22,52,2,1107,123,272,0.452,53,115,0.461,70,157,0.446,0.55,42,63,0.667,21,86,107,73,36,25,35,107,341,13,525093,MIA
Justise Winslow,20,small forward,79,225,3/26/96,us,0,Duke University,4,19,78,8,2232,195,462,0.422,32,116,0.276,163,346,0.471,0.457,80,117,0.684,81,322,403,117,68,26,95,184,502,7,2481720,MIA
Luol Deng,9,power forward,81,220,4/16/85,ss,11,Duke University,1,30,74,73,2394,339,745,0.455,88,256,0.344,251,489,0.513,0.514,145,192,0.755,108,335,443,140,74,29,81,122,911,4,10151612,MIA
Mario Chalmers,15,point guard,74,190,5/19/86,us,7,University of Kansas,15,29,6,0,120,10,32,0.313,1,11,0.091,9,21,0.429,0.328,12,13,0.923,1,13,14,19,8,1,9,16,33,NA,NA,MIA
Tyler Johnson,8,shooting guard,76,186,5/7/92,us,1,"California State University, Fresno",9,23,36,5,863,118,243,0.486,27,71,0.38,91,172,0.529,0.541,51,64,0.797,28,81,109,79,24,14,47,66,314,12,845059,MIA
Udonis Haslem,40,power forward,80,235,6/9/80,us,12,University of Florida,14,35,37,0,260,23,61,0.377,1,9,0.111,22,52,0.423,0.385,12,16,0.75,10,65,75,14,5,2,5,25,59,6,2854940,MIA
Chris Copeland,9,power forward,81,239,3/17/84,us,3,University of Colorado,14,31,24,1,156,17,51,0.333,10,36,0.278,7,15,0.467,0.431,6,7,0.857,1,9,10,11,2,0,6,17,50,NA,NA,MIL
Damien Inglis,17,small forward,80,246,5/20/95,gf,0,NA,15,20,20,1,156,13,37,0.351,3,13,0.231,10,24,0.417,0.392,7,8,0.875,2,29,31,10,6,3,11,11,36,14,855000,MIL
Giannis Antetokounmpo,34,point guard,83,222,12/6/94,gr,2,NA,2,21,80,79,2823,513,1013,0.506,28,109,0.257,485,904,0.537,0.52,296,409,0.724,113,499,612,345,94,113,208,258,1350,10,1953960,MIL
Greg Monroe,15,center,83,265,6/4/90,us,5,Georgetown University,4,25,79,67,2314,491,941,0.522,0,1,0,491,940,0.522,0.522,228,308,0.74,218,478,696,178,72,67,129,163,1210,1,16400000,MIL
Greivis Vasquez,21,point guard,78,217,1/16/87,ve,5,University of Maryland,13,29,23,0,460,45,138,0.326,18,73,0.247,27,65,0.415,0.391,22,26,0.846,5,42,47,91,10,0,40,42,130,4,6600000,MIL
Jabari Parker,12,power forward,80,250,3/15/95,us,1,Duke University,3,20,76,72,2408,443,899,0.493,9,35,0.257,434,864,0.502,0.498,175,228,0.768,123,272,395,130,69,29,116,154,1070,5,5152440,MIL
Jared Cunningham,9,shooting guard,76,195,5/22/91,us,3,Oregon State University,16,24,4,0,55,4,14,0.286,2,7,0.286,2,7,0.286,0.357,6,7,0.857,0,9,9,1,2,0,3,4,16,17,57726,MIL
Jerryd Bayless,19,shooting guard,75,200,8/20/88,us,7,University of Arizona,6,27,52,18,1505,185,437,0.423,101,231,0.437,84,206,0.408,0.539,70,90,0.778,21,120,141,163,47,11,73,111,541,6,3000000,MIL
John Henson,31,center,83,229,12/28/90,us,3,University of North Carolina,9,25,57,1,960,164,291,0.564,0,1,0,164,290,0.566,0.564,69,117,0.59,87,134,221,54,18,109,64,131,397,7,2943221,MIL
Johnny O'Bryant,77,power forward,81,257,6/1/93,us,1,Louisiana State University,11,22,66,4,857,86,209,0.411,1,1,1,85,208,0.409,0.414,27,40,0.675,65,111,176,32,18,8,31,100,200,15,845059,MIL
Khris Middleton,22,shooting guard,80,234,8/12/91,us,3,Texas A&M University,1,24,79,79,2852,507,1142,0.444,143,361,0.396,364,781,0.466,0.507,277,312,0.888,44,258,302,331,131,19,180,204,1434,2,15000000,MIL
Michael Carter-Williams,5,point guard,78,190,10/10/91,us,2,Syracuse University,5,24,54,37,1649,251,555,0.452,15,55,0.273,236,500,0.472,0.466,106,162,0.654,48,228,276,281,80,41,153,162,623,8,2399040,MIL
Miles Plumlee,18,center,83,249,9/1/88,us,3,Duke University,10,27,61,14,870,140,233,0.601,0,0,NA,140,233,0.601,0.601,34,59,0.576,94,138,232,16,21,50,40,73,314,9,2109294,MIL
O.J. Mayo,3,shooting guard,77,210,11/5/87,us,7,University of Southern California,7,28,41,24,1090,119,321,0.371,52,162,0.321,67,159,0.421,0.452,31,40,0.775,13,92,105,118,48,8,72,126,321,3,8000000,MIL
Rashad Vaughn,20,shooting guard,78,202,8/16/96,us,0,"University of Nevada, Las Vegas",8,19,70,6,1001,81,266,0.305,43,147,0.293,38,119,0.319,0.385,12,15,0.8,11,77,88,39,29,16,28,73,217,12,1733040,MIL
Steve Novak,6,power forward,82,225,6/13/83,us,9,Marquette University,17,32,3,0,20,2,6,0.333,2,6,0.333,0,0,NA,0.5,1,1,1,0,1,1,0,0,0,0,2,7,16,416886,MIL
Tyler Ennis,11,point guard,75,194,8/24/94,ca,1,Syracuse University,12,21,46,7,654,84,187,0.449,13,39,0.333,71,148,0.48,0.484,25,34,0.735,13,62,75,95,25,1,46,64,206,13,1662360,MIL
Adreian Payne,33,power forward,82,237,2/19/91,us,1,Michigan State University,12,24,52,2,486,53,145,0.366,9,32,0.281,44,113,0.389,0.397,17,26,0.654,20,91,111,29,16,11,36,77,132,11,1938840,MIN
Andre Miller,24,point guard,75,200,3/19/76,us,16,University of Utah,13,39,26,0,280,36,58,0.621,1,4,0.25,35,54,0.648,0.629,15,19,0.789,6,18,24,58,9,0,25,32,88,12,1499187,MIN
Andrew Wiggins,22,small forward,80,199,2/23/95,ca,1,University of Kansas,1,20,81,81,2845,594,1294,0.459,57,190,0.3,537,1104,0.486,0.481,430,565,0.761,106,186,292,164,78,46,182,165,1675,5,5758680,MIN
Damjan Rudez,10,small forward,82,228,6/17/86,hr,1,NA,14,29,33,0,277,25,62,0.403,17,50,0.34,8,12,0.667,0.54,8,8,1,5,15,20,11,3,1,13,33,75,16,1149500,MIN
Gorgui Dieng,5,center,83,241,1/18/90,sn,2,University of Louisville,5,26,82,39,2220,308,579,0.532,6,20,0.3,302,559,0.54,0.537,205,248,0.827,157,428,585,143,94,96,140,219,827,14,1474440,MIN
Greg Smith,4,power forward,82,250,1/8/91,us,4,"California State University, Fresno",15,25,18,0,192,18,32,0.563,0,0,NA,18,32,0.563,0.563,7,17,0.412,12,30,42,6,4,1,7,28,43,17,247623,MIN
Karl-Anthony Towns,32,center,84,244,11/15/95,us,0,University of Kentucky,2,20,82,82,2627,625,1153,0.542,30,88,0.341,595,1065,0.559,0.555,223,275,0.811,228,629,857,161,58,138,183,245,1503,6,5703600,MIN
Kevin Garnett,21,power forward,83,240,5/19/76,us,20,NA,11,39,38,38,556,54,115,0.47,0,1,0,54,114,0.474,0.47,14,21,0.667,15,135,150,62,28,10,16,70,122,3,8500000,MIN
Kevin Martin,23,shooting guard,79,199,2/1/83,us,11,Western Carolina University,9,32,39,12,834,126,334,0.377,38,103,0.369,88,231,0.381,0.434,125,142,0.88,10,71,81,46,17,1,41,68,415,4,7085000,MIN
Nemanja Bjelica,88,power forward,82,240,5/9/88,rs,0,NA,8,27,60,0,1075,110,235,0.468,48,125,0.384,62,110,0.564,0.57,40,55,0.727,49,161,210,83,26,21,47,154,308,7,4000000,MIN
Nikola Pekovic,14,center,83,307,1/3/86,me,5,NA,16,30,12,3,156,19,50,0.38,0,0,NA,19,50,0.38,0.38,16,20,0.8,7,14,21,11,1,0,9,22,54,2,12100000,MIN
Ricky Rubio,9,point guard,76,194,10/21/90,es,4,NA,3,25,76,76,2323,219,586,0.374,62,190,0.326,157,396,0.396,0.427,266,314,0.847,40,286,326,658,162,10,193,201,766,1,12365000,MIN
Shabazz Muhammad,15,small forward,78,223,11/13/92,us,2,"University of California, Los Angeles",6,23,82,0,1682,317,681,0.465,44,152,0.289,273,529,0.516,0.498,185,242,0.764,100,167,267,52,24,7,70,94,863,10,2056920,MIN
Tayshaun Prince,12,small forward,81,212,2/28/80,us,13,University of Kentucky,7,35,77,44,1462,102,229,0.445,4,23,0.174,98,206,0.476,0.454,13,19,0.684,32,115,147,73,36,13,27,62,221,13,1499187,MIN
Tyus Jones,1,point guard,74,195,5/10/96,us,0,Duke University,10,19,37,0,573,56,156,0.359,16,53,0.302,40,103,0.388,0.41,28,39,0.718,7,40,47,108,31,3,33,33,156,15,1282080,MIN
Zach LaVine,8,shooting guard,77,189,3/10/95,us,1,"University of California, Los Angeles",4,20,82,33,2294,433,959,0.452,123,316,0.389,310,643,0.482,0.516,161,203,0.793,27,201,228,251,69,17,155,193,1150,9,2148360,MIN
Alexis Ajinca,42,center,86,248,5/6/88,fr,5,NA,10,27,59,17,861,150,315,0.476,0,1,0,150,314,0.478,0.476,52,62,0.839,75,194,269,31,19,36,54,134,352,7,4300000,NOP
Alonzo Gee,15,small forward,78,225,5/29/87,us,6,University of Alabama,5,28,73,38,1632,132,255,0.518,17,60,0.283,115,195,0.59,0.551,44,66,0.667,60,185,245,72,63,13,55,169,325,12,1375000,NOP
Anthony Davis,23,power forward,82,253,3/11/93,us,3,University of Kentucky,1,22,61,61,2164,560,1136,0.493,35,108,0.324,525,1028,0.511,0.508,326,430,0.758,130,497,627,116,78,125,121,148,1481,6,7070730,NOP
Bryce Dejean-Jones,31,shooting guard,78,209,8/21/92,us,0,Iowa State University,18,23,14,11,279,28,69,0.406,12,32,0.375,16,37,0.432,0.493,11,21,0.524,8,40,48,15,10,2,11,17,79,16,281659,NOP
Dante Cunningham,44,small forward,80,230,4/22/87,us,6,Villanova University,3,28,80,46,1971,186,412,0.451,55,174,0.316,131,238,0.55,0.518,57,82,0.695,57,179,236,77,42,33,41,173,484,10,3000000,NOP
Eric Gordon,10,shooting guard,76,215,12/25/88,us,7,Indiana University,6,27,45,44,1481,231,552,0.418,113,294,0.384,118,258,0.457,0.521,111,125,0.888,10,89,99,121,43,14,73,98,686,1,15514031,NOP
Ish Smith,4,point guard,72,175,7/5/88,us,5,Wake Forest University,13,27,27,3,617,98,228,0.43,10,33,0.303,88,195,0.451,0.452,33,43,0.767,14,78,92,154,24,6,45,38,239,NA,NA,NOP
James Ennis,4,small forward,79,210,7/1/90,us,1,"California State University, Long Beach",17,25,9,5,282,50,100,0.5,24,50,0.48,26,50,0.52,0.62,19,24,0.792,17,18,35,18,12,3,17,26,143,19,74564,NOP
Jimmer Fredette,32,shooting guard,74,195,2/25/89,us,4,Brigham Young University,21,26,4,0,13,1,4,0.25,0,1,0,1,3,0.333,0.25,0,0,NA,0,0,0,1,1,0,1,1,2,21,54812,NOP
Jordan Hamilton,25,small forward,79,220,10/6/90,us,4,University of Texas at Austin,16,25,11,4,304,49,116,0.422,13,45,0.289,36,71,0.507,0.478,14,21,0.667,12,50,62,25,8,3,17,24,125,18,119462,NOP
Jrue Holiday,11,point guard,76,205,6/12/90,us,6,"University of California, Los Angeles",4,25,65,23,1831,410,935,0.439,87,259,0.336,323,676,0.478,0.485,182,216,0.843,27,168,195,391,88,22,167,148,1089,4,10595507,NOP
Kendrick Perkins,5,center,82,270,11/10/84,us,12,NA,14,31,37,5,542,40,75,0.533,0,0,NA,40,75,0.533,0.533,11,25,0.44,25,103,128,31,11,11,41,64,91,11,1499200,NOP
Luke Babbitt,8,small forward,81,225,6/20/89,us,5,"University of Nevada, Reno",11,26,47,13,845,122,289,0.422,44,109,0.404,78,180,0.433,0.498,39,50,0.78,25,123,148,53,11,7,23,90,327,14,1100000,NOP
Nate Robinson,2,point guard,69,180,5/31/84,us,10,University of Washington,20,31,2,1,23,0,1,0,0,1,0,0,0,NA,0,0,0,NA,0,0,0,4,1,0,0,5,0,22,44000,NOP
Norris Cole,30,point guard,74,175,10/13/88,us,4,Cleveland State University,8,27,45,23,1198,196,484,0.405,33,102,0.324,163,382,0.427,0.439,52,65,0.8,10,141,151,167,37,5,75,102,477,9,3036927,NOP
Omer Asik,3,center,84,255,7/4/86,tr,5,NA,9,29,68,64,1178,104,195,0.533,0,0,NA,104,195,0.533,0.533,61,112,0.545,120,294,414,26,21,23,60,124,269,3,11000000,NOP
Orlando Johnson,0,shooting guard,77,220,3/11/89,us,2,"University of California, Santa Barbara",19,26,5,1,54,4,17,0.235,1,5,0.2,3,12,0.25,0.265,1,2,0.5,1,5,6,2,1,0,3,4,10,20,55722,NOP
Ryan Anderson,33,power forward,82,240,5/6/88,us,7,University of California,2,27,66,7,2008,397,929,0.427,131,358,0.366,266,571,0.466,0.498,199,228,0.873,131,265,396,73,38,25,90,109,1124,5,8500000,NOP
Tim Frazier,2,point guard,73,170,11/1/90,us,1,Pennsylvania State University,15,25,16,1,469,76,169,0.45,13,31,0.419,63,138,0.457,0.488,45,59,0.763,15,56,71,120,23,1,38,42,210,17,144157,NOP
Toney Douglas,16,point guard,74,195,3/16/86,us,6,Florida State University,7,29,61,18,1262,183,445,0.411,81,203,0.399,102,242,0.421,0.502,84,99,0.848,25,118,143,157,70,5,64,131,531,13,1164858,NOP
Tyreke Evans,1,shooting guard,78,220,9/19/89,us,6,University of Memphis,12,26,25,25,765,136,314,0.433,33,85,0.388,103,229,0.45,0.486,74,93,0.796,20,109,129,164,32,8,73,66,379,2,11227000,NOP
Arron Afflalo,4,shooting guard,77,210,10/15/85,us,8,"University of California, Los Angeles",2,30,71,57,2371,354,799,0.443,91,238,0.382,263,561,0.469,0.5,110,131,0.84,23,243,266,144,25,10,82,142,909,3,8000000,NYK
Carmelo Anthony,7,small forward,80,240,5/29/84,us,12,Syracuse University,1,31,72,72,2530,567,1307,0.434,105,310,0.339,462,997,0.463,0.474,334,403,0.829,98,458,556,299,62,38,176,180,1573,1,22875000,NYK
Cleanthony Early,11,small forward,80,210,4/17/91,us,1,Wichita State University,14,24,17,2,154,12,40,0.3,4,15,0.267,8,25,0.32,0.35,3,4,0.75,4,22,26,6,2,3,9,16,31,13,845059,NYK
Derrick Williams,23,small forward,80,240,5/25/91,us,4,University of Arizona,7,24,80,9,1435,254,565,0.45,44,150,0.293,210,415,0.506,0.488,194,256,0.758,47,249,296,75,29,9,61,69,746,5,4900000,NYK
Jerian Grant,13,point guard,76,195,10/9/92,us,0,University of Notre Dame,9,23,76,6,1265,154,391,0.394,22,100,0.22,132,291,0.454,0.422,96,123,0.78,23,120,143,177,50,10,87,97,426,11,1572360,NYK
Jimmer Fredette,32,shooting guard,74,195,2/25/89,us,4,Brigham Young University,16,26,2,0,5,1,1,1,1,1,1,0,0,NA,1.5,4,5,0.8,0,0,0,0,0,0,1,1,7,19,59731,NYK
Jose Calderon,3,point guard,75,200,9/28/81,es,10,NA,6,34,72,72,2024,209,455,0.459,84,203,0.414,125,252,0.496,0.552,42,48,0.875,22,207,229,299,63,7,87,135,544,4,7402812,NYK
Kevin Seraphin,1,center,81,285,12/7/89,gf,5,NA,12,26,48,0,526,84,205,0.41,0,2,0,84,203,0.414,0.41,19,23,0.826,31,95,126,47,8,36,43,67,187,8,2800000,NYK
Kristaps Porzingis,6,power forward,87,240,8/2/95,lv,0,NA,4,20,72,72,2047,373,886,0.421,81,243,0.333,292,643,0.454,0.467,201,240,0.838,132,394,526,93,53,134,121,205,1028,6,4131720,NYK
Kyle O'Quinn,9,power forward,82,250,3/26/90,us,3,Norfolk State University,11,25,65,1,764,129,271,0.476,5,22,0.227,124,249,0.498,0.485,46,60,0.767,76,174,250,72,20,49,61,107,309,7,3750000,NYK
Lance Thomas,42,power forward,80,235,4/24/88,us,4,Duke University,8,27,59,5,1313,169,382,0.442,44,109,0.404,125,273,0.458,0.5,102,119,0.857,34,97,131,53,22,7,57,109,484,10,1650000,NYK
Langston Galloway,2,point guard,74,200,12/9/91,us,1,Saint Joseph's University,5,24,82,7,2033,231,588,0.393,77,224,0.344,154,364,0.423,0.458,86,114,0.754,43,245,288,207,77,22,61,177,625,14,845059,NYK
Lou Amundson,17,power forward,81,220,12/7/82,us,9,"University of Nevada, Las Vegas",13,33,29,0,204,19,53,0.358,0,0,NA,19,53,0.358,0.358,14,27,0.519,23,26,49,12,6,7,15,44,52,9,1650000,NYK
Robin Lopez,8,center,84,255,4/1/88,us,7,Stanford University,3,27,82,82,2219,357,662,0.539,0,1,0,357,661,0.54,0.539,128,161,0.795,268,334,602,114,16,129,133,182,842,2,13000000,NYK
Sasha Vujacic,18,shooting guard,79,195,3/8/84,si,8,NA,10,31,61,25,908,106,277,0.383,52,143,0.364,54,134,0.403,0.477,32,39,0.821,26,123,149,84,34,5,44,83,296,12,1356146,NYK
Thanasis Antetokounmpo,43,small forward,79,205,7/17/92,gr,0,NA,15,23,2,0,6,3,4,0.75,0,1,0,3,3,1,0.75,0,0,NA,0,1,1,0,0,0,0,2,6,16,105888,NYK
Andre Roberson,21,shooting guard,79,210,12/4/91,us,2,University of Colorado,7,24,70,70,1553,136,274,0.496,32,103,0.311,104,171,0.608,0.555,33,54,0.611,79,172,251,47,53,42,35,133,337,13,1210800,OKC
Anthony Morrow,2,shooting guard,77,210,9/27/85,us,7,Georgia Institute of Technology,9,30,68,6,926,136,333,0.408,79,204,0.387,57,129,0.442,0.527,29,39,0.744,10,52,62,24,22,5,17,64,380,8,3344000,OKC
Cameron Payne,22,point guard,75,185,8/8/94,us,0,Murray State University,11,21,57,1,698,114,278,0.41,36,111,0.324,78,167,0.467,0.475,19,24,0.792,9,76,85,108,36,6,44,80,283,11,2021520,OKC
D.J. Augustin,14,point guard,72,183,11/10/87,us,7,University of Texas at Austin,13,28,34,0,519,46,121,0.38,24,61,0.393,22,60,0.367,0.479,26,34,0.765,5,38,43,66,13,2,30,41,142,NA,NA,OKC
Dion Waiters,3,shooting guard,76,225,12/10/91,us,3,Syracuse University,4,24,78,15,2152,282,706,0.399,86,240,0.358,196,466,0.421,0.46,112,157,0.713,36,166,202,154,81,15,120,143,762,5,5138430,OKC
Enes Kanter,11,center,83,245,5/20/92,ch,4,NA,6,23,82,1,1721,414,719,0.576,10,21,0.476,404,698,0.579,0.583,200,251,0.797,249,415,664,33,26,33,115,166,1038,3,16400000,OKC
Josh Huestis,34,power forward,79,230,12/19/91,us,0,Stanford University,15,24,5,0,55,5,12,0.417,4,6,0.667,1,6,0.167,0.583,0,4,0,2,8,10,0,1,2,3,3,14,14,1140240,OKC
Kevin Durant,35,small forward,81,240,9/29/88,us,8,University of Texas at Austin,2,27,72,72,2578,698,1381,0.505,186,481,0.387,512,900,0.569,0.573,447,498,0.898,45,544,589,361,69,85,250,137,2029,1,20158622,OKC
Kyle Singler,5,small forward,80,228,5/4/88,us,3,Duke University,8,27,68,2,977,86,221,0.389,30,97,0.309,56,124,0.452,0.457,29,44,0.659,50,91,141,24,30,9,32,120,231,6,5000000,OKC
Mitch McGary,33,power forward,82,255,6/6/92,us,1,University of Michigan,14,23,20,0,72,11,23,0.478,0,4,0,11,19,0.579,0.478,4,10,0.4,4,14,18,3,1,2,7,10,26,12,1463040,OKC
Nazr Mohammed,13,center,82,221,9/5/77,us,17,University of Kentucky,17,38,5,0,19,3,5,0.6,0,0,NA,3,5,0.6,0.6,2,2,1,1,3,4,0,0,0,3,4,8,15,352750,OKC
Nick Collison,4,power forward,82,255,10/26/80,us,11,University of Kansas,10,35,59,4,699,50,109,0.459,0,2,0,50,107,0.467,0.459,23,33,0.697,68,103,171,52,15,16,50,107,123,7,3750000,OKC
Randy Foye,6,shooting guard,76,213,9/24/83,us,9,Villanova University,12,32,27,1,572,52,149,0.349,25,81,0.309,27,68,0.397,0.433,22,27,0.815,8,43,51,49,13,13,28,48,151,9,3270000,OKC
Russell Westbrook,0,point guard,75,200,11/12/88,us,7,"University of California, Los Angeles",1,27,80,80,2750,656,1444,0.454,101,341,0.296,555,1103,0.503,0.489,465,573,0.812,145,481,626,834,163,20,342,200,1878,2,16744218,OKC
Serge Ibaka,9,power forward,82,235,9/18/89,cg,6,NA,3,26,78,78,2500,416,869,0.479,60,184,0.326,356,685,0.52,0.513,91,121,0.752,141,392,533,66,38,148,108,211,983,4,12350000,OKC
Steve Novak,6,power forward,82,225,6/13/83,us,9,Marquette University,16,32,7,0,24,6,12,0.5,5,9,0.556,1,3,0.333,0.708,0,0,NA,0,4,4,0,0,0,1,1,17,NA,NA,OKC
Steven Adams,12,center,84,255,7/20/93,nz,2,University of Pittsburgh,5,22,80,80,2014,261,426,0.613,0,0,NA,261,426,0.613,0.613,114,196,0.582,219,314,533,62,42,89,84,223,636,10,2279040,OKC
Aaron Gordon,0,power forward,81,220,9/16/95,us,1,University of Arizona,5,20,78,37,1863,274,579,0.473,42,142,0.296,232,437,0.531,0.509,129,193,0.668,154,353,507,128,59,55,66,153,719,7,4171680,ORL
Andrew Nicholson,44,power forward,81,250,12/8/89,ca,3,St. Bonaventure University,9,26,56,0,823,146,310,0.471,41,114,0.36,105,196,0.536,0.537,51,65,0.785,34,167,201,25,10,22,41,69,384,10,2380594,ORL
Brandon Jennings,55,point guard,73,170,9/23/89,us,6,NA,14,26,25,6,452,59,161,0.366,27,78,0.346,32,83,0.386,0.45,30,40,0.75,11,39,50,100,18,5,35,33,175,2,8344497,ORL
C.J. Watson,32,point guard,74,175,4/17/84,us,8,University of Tennessee,12,31,33,2,656,47,137,0.343,14,48,0.292,33,89,0.371,0.394,34,39,0.872,10,56,66,88,19,5,25,49,142,5,5000000,ORL
Channing Frye,8,power forward,83,255,5/17/83,us,9,University of Arizona,10,32,44,29,754,81,186,0.435,48,121,0.397,33,65,0.508,0.565,19,21,0.905,23,118,141,45,21,20,30,71,229,NA,NA,ORL
Devyn Marble,11,shooting guard,78,200,9/21/92,us,1,University of Iowa,16,23,28,0,249,21,71,0.296,8,32,0.25,13,39,0.333,0.352,10,24,0.417,6,32,38,12,13,1,7,25,60,16,845059,ORL
Dewayne Dedmon,3,center,84,245,8/12/89,us,2,University of Southern California,11,26,58,20,705,99,177,0.559,0,0,NA,99,177,0.559,0.559,57,76,0.75,67,161,228,13,22,46,32,109,255,15,947278,ORL
Elfrid Payton,4,point guard,76,185,2/22/94,us,1,University of Louisiana at Lafayette,3,21,73,69,2145,318,730,0.436,30,92,0.326,288,638,0.451,0.456,112,190,0.589,77,184,261,468,89,20,177,159,778,9,2505720,ORL
Ersan Ilyasova,7,power forward,82,235,5/15/87,tr,7,NA,15,28,22,4,447,64,153,0.418,18,44,0.409,46,109,0.422,0.477,32,45,0.711,45,76,121,12,14,6,12,51,178,3,7900000,ORL
Evan Fournier,10,small forward,79,205,10/29/92,fr,3,NA,1,23,79,71,2566,429,929,0.462,156,390,0.4,273,539,0.506,0.546,199,238,0.836,33,192,225,213,96,2,133,214,1213,11,2288205,ORL
Jason Smith,14,center,84,245,3/2/86,us,7,Colorado State University,8,29,76,2,1181,244,503,0.485,4,16,0.25,240,487,0.493,0.489,54,67,0.806,53,166,219,62,33,65,57,163,546,6,4300000,ORL
Keith Appling,15,point guard,73,185,2/13/92,us,0,Michigan State University,17,23,5,0,27,2,8,0.25,0,3,0,2,5,0.4,0.25,2,2,1,0,1,1,1,1,0,3,5,6,18,161776,ORL
Mario Hezonja,23,small forward,80,215,2/25/95,hr,0,NA,7,20,79,9,1413,181,418,0.433,67,192,0.349,114,226,0.504,0.513,49,54,0.907,28,148,176,109,39,17,97,124,478,8,3741480,ORL
Nikola Vucevic,9,center,84,260,10/24/90,ch,4,University of Southern California,4,25,65,60,2037,533,1046,0.51,2,9,0.222,531,1037,0.512,0.511,113,150,0.753,174,402,576,179,53,70,123,173,1181,1,11250000,ORL
Shabazz Napier,13,point guard,73,175,7/14/91,us,1,University of Connecticut,13,24,55,0,600,68,201,0.338,34,104,0.327,34,97,0.351,0.423,33,45,0.733,9,46,55,97,23,1,46,38,203,12,1294440,ORL
Tobias Harris,12,power forward,81,235,7/15/92,us,4,University of Tennessee,6,23,49,49,1610,251,541,0.464,47,151,0.311,204,390,0.523,0.507,120,153,0.784,71,271,342,99,47,28,78,91,669,NA,NA,ORL
Victor Oladipo,5,shooting guard,76,210,5/4/92,us,2,Indiana University,2,23,72,52,2379,425,970,0.438,98,282,0.348,327,688,0.475,0.489,205,247,0.83,48,297,345,282,116,54,153,174,1153,4,5192520,ORL
Carl Landry,7,power forward,81,248,9/19/83,us,8,Purdue University,12,32,36,12,569,139,250,0.556,6,13,0.462,133,237,0.561,0.568,67,91,0.736,49,97,146,32,12,9,22,69,351,3,6500000,PHI
Christian Wood,35,power forward,83,220,9/27/95,us,0,"University of Nevada, Las Vegas",16,20,17,0,145,22,53,0.415,4,11,0.364,18,42,0.429,0.453,13,21,0.619,13,25,38,3,5,7,2,11,61,22,305789,PHI
Elton Brand,42,center,80,275,3/11/79,us,16,Duke University,14,36,17,1,225,31,72,0.431,0,1,0,31,71,0.437,0.431,8,9,0.889,9,54,63,18,9,8,11,32,70,17,890693,PHI
Hollis Thompson,31,shooting guard,80,206,4/3/91,us,2,Georgetown University,1,24,77,17,2154,270,680,0.397,149,392,0.38,121,288,0.42,0.507,69,96,0.719,54,218,272,99,36,24,76,187,758,16,947276,PHI
Isaiah Canaan,0,shooting guard,72,201,5/21/91,us,2,Murray State University,3,24,77,39,1966,260,722,0.36,176,485,0.363,84,237,0.354,0.482,150,180,0.833,20,154,174,137,56,12,91,133,846,15,947276,PHI
Ish Smith,1,point guard,72,175,7/5/88,us,5,Wake Forest University,7,27,50,50,1622,299,739,0.405,46,137,0.336,253,602,0.42,0.436,89,133,0.669,29,184,213,348,64,18,130,95,733,12,1100602,PHI
Jahlil Okafor,8,center,83,275,12/15/95,us,0,Duke University,9,20,53,48,1591,397,781,0.508,1,6,0.167,396,775,0.511,0.509,133,194,0.686,122,251,373,65,22,61,124,140,928,5,4582680,PHI
JaKarr Sampson,9,small forward,81,214,3/20/93,us,1,St. John's University,11,22,47,18,691,86,202,0.426,6,34,0.176,80,168,0.476,0.441,62,97,0.639,30,99,129,30,11,16,51,91,240,18,845059,PHI
Jerami Grant,39,small forward,80,210,3/12/94,us,1,Syracuse University,2,21,77,52,2066,251,599,0.419,35,146,0.24,216,453,0.477,0.448,212,322,0.658,99,262,361,135,54,127,110,215,749,19,845059,PHI
Kendall Marshall,5,point guard,76,200,8/19/91,us,3,University of North Carolina,13,24,30,6,400,43,118,0.364,16,49,0.327,27,69,0.391,0.432,9,13,0.692,2,26,28,73,16,2,43,30,111,11,2144722,PHI
Nerlens Noel,4,center,83,228,4/10/94,us,1,University of Kentucky,4,21,67,62,1965,306,587,0.521,1,2,0.5,305,585,0.521,0.522,134,227,0.59,154,388,542,122,118,100,158,192,747,6,3457800,PHI
Nik Stauskas,11,shooting guard,78,205,10/7/93,ca,1,University of Michigan,6,22,73,35,1809,210,545,0.385,106,325,0.326,104,220,0.473,0.483,91,118,0.771,23,160,183,138,44,20,94,115,617,8,2869440,PHI
Phil Pressey,26,point guard,71,175,2/17/91,us,2,University of Missouri,15,24,14,0,170,21,55,0.382,4,13,0.308,17,42,0.405,0.418,9,18,0.5,0,23,23,46,11,1,19,14,55,23,172739,PHI
Richaun Holmes,22,power forward,82,245,10/15/93,us,0,Bowling Green State University,10,22,51,1,702,114,222,0.514,8,44,0.182,106,178,0.596,0.532,51,74,0.689,62,73,135,33,19,40,32,92,287,13,1050000,PHI
Robert Covington,33,small forward,81,215,12/14/90,us,2,Tennessee State University,5,25,67,49,1903,274,712,0.385,170,482,0.353,104,230,0.452,0.504,140,177,0.791,65,354,419,97,105,40,143,232,858,14,1000000,PHI
Sonny Weems,9,small forward,78,205,7/8/86,us,3,University of Arkansas,18,29,7,0,78,7,21,0.333,2,9,0.222,5,12,0.417,0.381,1,2,0.5,1,11,12,2,0,0,4,7,17,9,2800000,PHI
T.J. McConnell,12,point guard,74,200,3/25/92,us,0,University of Arizona,8,23,81,17,1606,218,464,0.47,31,89,0.348,187,375,0.499,0.503,26,41,0.634,43,207,250,367,95,10,140,114,493,21,525093,PHI
Tony Wroten,1,point guard,78,205,4/13/93,us,3,University of Washington,17,22,8,3,144,22,65,0.338,3,17,0.176,19,48,0.396,0.362,20,37,0.541,2,19,21,20,3,0,29,11,67,10,2179354,PHI
Alan Williams,15,power forward,80,260,1/28/93,us,0,"University of California, Santa Barbara",19,23,10,0,68,10,24,0.417,0,0,NA,10,24,0.417,0.417,9,14,0.643,14,24,38,5,4,5,6,15,29,18,114285,PHO
Alex Len,21,center,85,260,6/16/93,ua,2,University of Maryland,4,22,78,46,1821,264,624,0.423,1,7,0.143,263,617,0.426,0.424,174,239,0.728,178,416,594,97,38,62,145,230,703,7,3807120,PHO
Archie Goodwin,20,point guard,77,200,8/17/94,us,2,University of Kentucky,9,21,57,13,1114,176,422,0.417,23,99,0.232,153,323,0.474,0.444,130,193,0.674,27,115,142,118,27,13,100,84,505,12,1160160,PHO
Brandon Knight,3,shooting guard,75,189,12/2/91,us,4,University of Kentucky,3,24,52,50,1870,371,895,0.415,120,351,0.342,251,544,0.461,0.482,156,183,0.852,36,166,202,263,61,20,177,124,1018,3,12000000,PHO
Bryce Cotton,8,point guard,73,165,8/11/92,us,1,Providence College,23,23,3,0,33,2,8,0.25,0,3,0,2,5,0.4,0.25,0,0,NA,0,0,0,3,3,0,5,2,4,17,228663,PHO
Chase Budinger,10,small forward,79,209,5/22/88,us,6,University of Arizona,15,27,17,0,200,23,45,0.511,4,17,0.235,19,28,0.679,0.556,5,8,0.625,12,17,29,15,3,1,13,16,55,16,258082,PHO
Cory Jefferson,55,power forward,81,218,12/26/90,us,1,Baylor University,21,25,8,0,50,9,22,0.409,0,1,0,9,21,0.429,0.409,4,6,0.667,6,10,16,0,0,1,0,8,22,15,421449,PHO
Devin Booker,1,shooting guard,78,206,10/30/96,us,0,University of Kentucky,2,19,76,51,2108,367,867,0.423,99,289,0.343,268,578,0.464,0.48,215,256,0.84,27,160,187,200,44,20,160,225,1048,8,2127840,PHO
Eric Bledsoe,2,point guard,73,190,12/9/89,us,5,University of Kentucky,11,26,31,31,1059,223,492,0.453,48,129,0.372,175,363,0.482,0.502,138,172,0.802,18,107,125,190,63,19,110,75,632,1,13086957,PHO
John Jenkins,23,shooting guard,76,215,3/6/91,us,3,Vanderbilt University,14,24,22,2,287,42,90,0.467,13,32,0.406,29,58,0.5,0.539,12,15,0.8,4,31,35,26,5,1,16,11,109,14,981000,PHO
Jon Leuer,30,power forward,82,228,5/14/89,us,4,University of Wisconsin,7,26,67,27,1255,224,466,0.481,42,110,0.382,182,356,0.511,0.526,77,101,0.762,76,297,373,72,38,30,75,125,567,13,1035000,PHO
Jordan McRae,52,point guard,78,185,3/28/91,us,0,University of Tennessee,17,24,7,0,82,11,26,0.423,3,11,0.273,8,15,0.533,0.481,12,15,0.8,2,6,8,10,3,0,6,7,37,21,61776,PHO
Kris Humphries,43,power forward,81,235,2/6/85,us,11,University of Minnesota,18,30,4,3,74,10,36,0.278,3,10,0.3,7,26,0.269,0.319,6,8,0.75,11,21,32,7,3,2,4,8,29,6,4600000,PHO
Lorenzo Brown,41,point guard,77,189,8/26/90,us,2,North Carolina State University,20,25,8,0,61,8,25,0.32,1,8,0.125,7,17,0.412,0.34,3,4,0.75,0,7,7,11,3,1,9,4,20,20,111444,PHO
Markieff Morris,11,power forward,82,245,9/2/89,us,4,University of Kansas,12,26,37,24,917,171,431,0.397,22,76,0.289,149,355,0.42,0.422,66,92,0.717,43,151,194,87,33,17,90,104,430,NA,NA,PHO
Mirza Teletovic,35,power forward,81,242,9/18/85,ba,3,NA,5,30,79,1,1686,332,777,0.427,181,460,0.393,151,317,0.476,0.544,120,155,0.774,55,247,302,89,32,21,84,159,965,4,5500000,PHO
Orlando Johnson,0,shooting guard,77,220,3/11/89,us,2,"University of California, Santa Barbara",22,26,2,0,47,5,17,0.294,1,5,0.2,4,12,0.333,0.324,5,6,0.833,3,6,9,0,2,3,1,5,16,22,55722,PHO
P.J. Tucker,17,small forward,78,245,5/5/85,us,4,University of Texas at Austin,1,30,82,80,2540,239,582,0.411,68,206,0.33,171,376,0.455,0.469,106,142,0.746,165,347,512,177,106,20,111,202,652,5,5500000,PHO
Phil Pressey,25,point guard,71,175,2/17/91,us,2,University of Missouri,16,24,9,0,113,9,23,0.391,0,5,0,9,18,0.5,0.391,4,7,0.571,3,5,8,29,7,3,14,14,22,19,111444,PHO
Ronnie Price,14,point guard,74,190,6/21/83,us,10,Utah Valley State College,8,32,62,18,1211,116,302,0.384,68,196,0.347,48,106,0.453,0.497,31,41,0.756,25,74,99,147,74,13,70,161,331,11,1499187,PHO
Sonny Weems,10,shooting guard,78,205,7/8/86,us,3,University of Arkansas,13,29,36,0,421,35,89,0.393,13,32,0.406,22,57,0.386,0.466,7,13,0.538,6,35,41,47,10,1,37,40,90,NA,NA,PHO
T.J. Warren,12,small forward,80,230,9/5/93,us,1,North Carolina State University,10,22,47,4,1070,221,441,0.501,28,70,0.4,193,371,0.52,0.533,45,64,0.703,57,90,147,44,37,16,32,94,515,9,2041080,PHO
Tyson Chandler,4,center,85,240,10/2/82,us,14,NA,6,33,66,60,1618,183,314,0.583,0,1,0,183,313,0.585,0.583,106,171,0.62,175,401,576,64,36,44,93,145,472,2,13000000,PHO
Al-Farouq Aminu,8,small forward,81,220,9/21/90,us,5,Wake Forest University,3,25,82,82,2341,299,719,0.416,126,349,0.361,173,370,0.468,0.503,115,156,0.737,98,401,499,138,72,53,120,171,839,2,7500000,POR
Allen Crabbe,23,shooting guard,78,210,4/9/92,us,2,University of California,4,23,81,8,2105,311,678,0.459,112,285,0.393,199,393,0.506,0.541,98,113,0.867,27,189,216,99,63,16,64,192,832,14,947276,POR
Brian Roberts,2,point guard,73,173,12/3/85,us,3,University of Dayton,13,30,21,0,137,23,50,0.46,6,15,0.4,17,35,0.486,0.52,8,10,0.8,2,10,12,16,3,1,7,12,60,9,2854940,POR
C.J. McCollum,3,shooting guard,76,200,9/19/91,us,2,Lehigh University,1,24,80,80,2780,641,1431,0.448,197,472,0.417,444,959,0.463,0.517,187,226,0.827,47,212,259,341,97,23,196,187,1666,12,2525160,POR
Chris Kaman,35,center,84,265,4/28/82,us,12,Central Michigan University,14,33,16,2,112,20,43,0.465,1,4,0.25,19,39,0.487,0.477,3,3,1,7,17,24,11,1,1,8,15,44,5,5000000,POR
Cliff Alexander,34,power forward,80,245,11/16/95,us,0,University of Kansas,16,20,8,0,36,5,10,0.5,0,0,NA,5,10,0.5,0.5,0,0,NA,2,4,6,0,1,2,1,1,10,18,525093,POR
Damian Lillard,0,point guard,75,195,7/15/90,us,3,Weber State University,2,25,75,75,2676,618,1474,0.419,229,610,0.375,389,864,0.45,0.497,414,464,0.892,45,257,302,512,65,28,242,165,1879,6,4236287,POR
Ed Davis,17,power forward,82,240,6/5/89,us,5,University of North Carolina,6,26,81,0,1684,206,337,0.611,0,0,NA,206,337,0.611,0.611,114,204,0.559,224,375,599,88,57,72,64,202,526,3,7000000,POR
Gerald Henderson,9,shooting guard,77,215,12/9/87,us,6,Duke University,8,28,72,0,1431,232,529,0.439,48,136,0.353,184,393,0.468,0.484,112,146,0.767,30,181,211,75,39,19,68,87,624,4,6000000,POR
Luis Montero,44,shooting guard,79,185,4/6/93,do,0,Westchester CC,15,22,12,0,42,5,19,0.263,1,9,0.111,4,10,0.4,0.289,3,4,0.75,0,4,4,1,0,0,4,1,14,16,525093,POR
Mason Plumlee,24,center,83,245,3/5/90,us,2,Duke University,5,25,82,82,2084,267,517,0.516,0,4,0,267,513,0.52,0.516,215,335,0.642,201,427,628,226,68,85,154,253,749,13,1415520,POR
Maurice Harkless,4,small forward,81,215,5/11/93,us,3,St. John's University,7,22,78,14,1457,195,411,0.474,39,140,0.279,156,271,0.576,0.522,69,111,0.622,101,179,280,67,49,35,62,124,498,8,2894059,POR
Meyers Leonard,11,power forward,85,245,2/27/92,us,3,University of Illinois at Urbana-Champaign,9,23,61,10,1333,195,435,0.448,86,228,0.377,109,207,0.527,0.547,35,46,0.761,51,263,314,92,8,18,77,183,511,7,3075880,POR
Noah Vonleh,21,power forward,82,240,8/24/95,us,1,Indiana University,10,20,78,56,1174,117,278,0.421,11,46,0.239,106,232,0.457,0.441,38,51,0.745,91,214,305,30,27,26,50,152,283,11,2637720,POR
Pat Connaughton,5,shooting guard,77,206,1/6/93,us,0,University of Notre Dame,12,23,34,0,143,13,49,0.265,5,21,0.238,8,28,0.286,0.316,5,5,1,11,21,32,10,2,0,10,6,36,17,525093,POR
Tim Frazier,10,point guard,73,170,11/1/90,us,1,Pennsylvania State University,11,25,35,1,272,20,60,0.333,3,17,0.176,17,43,0.395,0.358,8,15,0.533,11,28,39,42,10,1,27,31,51,15,845059,POR
Ben McLemore,23,shooting guard,77,195,2/11/93,us,2,University of Kansas,8,22,68,53,1443,195,455,0.429,67,185,0.362,128,270,0.474,0.502,74,103,0.718,34,114,148,79,52,10,99,140,531,8,3156600,SAC
Caron Butler,31,small forward,79,228,3/13/80,us,13,University of Connecticut,13,35,17,1,176,25,59,0.424,3,18,0.167,22,41,0.537,0.449,10,12,0.833,5,17,22,10,9,1,3,19,63,10,1499187,SAC
Darren Collison,7,point guard,72,175,8/23/87,us,6,"University of California, Los Angeles",4,28,74,15,2219,377,776,0.486,87,217,0.401,290,559,0.519,0.542,194,226,0.858,28,141,169,318,76,4,130,142,1035,6,5013559,SAC
DeMarcus Cousins,15,center,83,270,8/13/90,us,5,University of Kentucky,3,25,65,65,2246,601,1332,0.451,70,210,0.333,531,1122,0.473,0.477,476,663,0.718,158,589,747,214,101,92,249,236,1748,1,14728844,SAC
Duje Dukan,26,small forward,81,220,12/4/91,hr,0,University of Wisconsin,15,24,1,0,24,2,10,0.2,2,5,0.4,0,5,0,0.3,0,0,NA,2,2,4,1,1,0,0,2,6,16,525093,SAC
Eric Moreland,25,power forward,82,238,12/24/91,us,1,Oregon State University,14,24,8,0,48,3,6,0.5,0,0,NA,3,6,0.5,0.5,2,4,0.5,3,8,11,1,0,4,3,4,8,15,845059,SAC
James Anderson,5,shooting guard,78,213,3/25/89,us,4,Oklahoma State University,11,26,51,15,721,67,178,0.376,23,86,0.267,44,92,0.478,0.441,22,29,0.759,13,73,86,41,21,14,42,54,179,11,1015421,SAC
Kosta Koufos,41,center,84,265,2/24/89,us,7,Ohio State University,7,26,78,14,1482,236,444,0.532,0,0,NA,236,444,0.532,0.532,57,104,0.548,169,254,423,33,40,70,48,185,529,4,7500000,SAC
Marco Belinelli,3,shooting guard,77,210,3/25/86,it,8,NA,6,29,68,7,1672,245,635,0.386,91,297,0.306,154,338,0.456,0.457,115,138,0.833,10,107,117,127,37,2,80,91,696,5,6333333,SAC
Omri Casspi,18,small forward,81,225,6/22/88,il,6,NA,5,27,69,21,1880,299,622,0.481,112,274,0.409,187,348,0.537,0.571,103,159,0.648,58,352,410,95,56,17,94,154,813,9,3000000,SAC
Quincy Acy,13,power forward,79,240,10/6/90,us,3,Baylor University,10,25,59,29,876,119,214,0.556,19,49,0.388,100,165,0.606,0.6,50,68,0.735,65,123,188,27,29,24,27,103,307,12,981348,SAC
Rajon Rondo,9,point guard,73,186,2/22/86,us,9,University of Kentucky,1,29,72,72,2537,355,782,0.454,62,170,0.365,293,612,0.479,0.494,87,150,0.58,77,358,435,839,141,10,278,175,859,3,9500000,SAC
Rudy Gay,8,small forward,80,230,8/17/86,us,9,University of Connecticut,2,29,70,70,2379,466,1007,0.463,74,215,0.344,392,792,0.495,0.5,198,254,0.78,103,353,456,120,100,51,139,184,1204,2,12403101,SAC
Seth Curry,30,point guard,74,185,8/23/90,us,2,Duke University,12,25,44,9,692,102,224,0.455,50,111,0.45,52,113,0.46,0.567,45,54,0.833,9,51,60,67,22,3,36,41,299,13,947276,SAC
Willie Cauley-Stein,0,center,84,240,8/18/93,us,0,University of Kentucky,9,22,66,39,1412,191,339,0.563,0,2,0,191,337,0.567,0.563,81,125,0.648,134,218,352,37,48,66,46,146,463,7,3398280,SAC
Andre Miller,24,point guard,75,200,3/19/76,us,16,University of Utah,17,39,13,4,181,23,48,0.479,1,4,0.25,22,44,0.5,0.49,9,13,0.692,6,21,27,29,7,0,12,14,56,17,396844,SAS
Boban Marjanovic,40,center,87,290,8/15/88,rs,0,NA,12,27,54,4,508,105,174,0.603,0,0,NA,105,174,0.603,0.603,87,114,0.763,73,121,194,21,12,23,29,54,297,12,1200000,SAS
Boris Diaw,33,power forward,80,250,4/16/82,fr,12,NA,8,33,76,4,1386,202,383,0.527,25,69,0.362,177,314,0.564,0.56,56,76,0.737,58,175,233,176,26,21,97,102,485,5,7000000,SAS
Danny Green,14,shooting guard,78,215,6/22/87,us,6,University of North Carolina,3,28,79,79,2062,211,561,0.376,116,349,0.332,95,212,0.448,0.48,34,46,0.739,48,255,303,141,79,64,75,141,572,4,10000000,SAS
David West,30,power forward,81,250,8/29/80,us,12,Xavier University,7,35,78,19,1404,244,448,0.545,3,7,0.429,241,441,0.546,0.548,63,80,0.788,72,237,309,143,44,55,68,142,554,11,1499000,SAS
Jonathon Simmons,17,shooting guard,78,195,9/14/89,us,0,University of Houston,11,26,55,2,813,122,242,0.504,18,47,0.383,104,195,0.533,0.541,69,92,0.75,16,80,96,58,24,5,53,103,331,15,525093,SAS
Kawhi Leonard,2,small forward,79,230,6/29/91,us,4,San Diego State University,1,24,72,72,2380,551,1090,0.506,129,291,0.443,422,799,0.528,0.565,292,334,0.874,95,398,493,186,128,71,105,133,1523,2,16500000,SAS
Kevin Martin,23,shooting guard,79,199,2/1/83,us,11,Western Carolina University,14,32,16,1,261,30,85,0.353,11,33,0.333,19,52,0.365,0.418,28,30,0.933,4,25,29,12,9,2,13,15,99,18,317475,SAS
Kyle Anderson,1,small forward,81,230,9/20/93,us,1,"University of California, Los Angeles",9,22,78,11,1245,138,295,0.468,12,37,0.324,126,258,0.488,0.488,62,83,0.747,25,219,244,123,60,29,59,97,350,13,1142879,SAS
LaMarcus Aldridge,12,power forward,83,260,7/19/85,us,9,University of Texas at Austin,2,30,74,74,2261,536,1045,0.513,0,16,0,536,1029,0.521,0.513,259,302,0.858,176,456,632,110,38,81,99,151,1331,1,19500000,SAS
Manu Ginobili,20,shooting guard,78,205,7/28/77,ar,13,NA,10,38,58,0,1134,197,435,0.453,70,179,0.391,127,256,0.496,0.533,91,112,0.813,26,120,146,177,66,11,99,99,555,8,2814000,SAS
Matt Bonner,15,center,82,235,4/5/80,us,11,University of Florida,16,35,30,2,206,29,57,0.509,15,34,0.441,14,23,0.609,0.64,3,4,0.75,3,24,27,9,6,1,3,16,76,9,1499187,SAS
Patrick Mills,8,point guard,72,185,8/11/88,au,6,Saint Mary's College of California,5,27,81,3,1662,260,612,0.425,123,320,0.384,137,292,0.469,0.525,47,58,0.81,27,131,158,226,59,6,76,102,690,7,3578947,SAS
Rasual Butler,18,small forward,79,215,5/23/79,us,12,La Salle University,13,36,46,0,432,49,104,0.471,15,49,0.306,34,55,0.618,0.543,11,16,0.688,3,53,56,24,13,23,8,11,124,10,1499187,SAS
Ray McCallum,3,point guard,75,190,6/12/91,us,2,University of Detroit Mercy,15,24,31,3,256,27,67,0.403,5,16,0.313,22,51,0.431,0.44,9,10,0.9,6,25,31,33,5,4,11,14,68,14,947276,SAS
Tim Duncan,21,center,83,250,4/25/76,vi,18,Wake Forest University,6,39,61,60,1536,215,441,0.488,0,2,0,215,439,0.49,0.488,92,131,0.702,115,332,447,163,47,78,90,125,522,6,5000000,SAS
Tony Parker,9,point guard,74,185,5/17/82,be,14,NA,4,33,72,72,1980,350,710,0.493,27,65,0.415,323,645,0.501,0.512,130,171,0.76,17,159,176,379,54,11,131,114,857,3,13437500,SAS
Anthony Bennett,15,power forward,80,245,3/14/93,ca,2,"University of Nevada, Las Vegas",15,22,19,0,84,8,27,0.296,3,14,0.214,5,13,0.385,0.352,9,10,0.9,6,17,23,0,5,0,4,8,28,14,947276,TOR
Bismack Biyombo,8,center,81,255,8/28/92,cd,4,NA,5,23,82,22,1808,156,288,0.542,0,1,0,156,287,0.544,0.542,142,226,0.628,182,473,655,29,19,133,71,225,454,8,3000000,TOR
Bruno Caboclo,20,small forward,81,218,9/21/95,br,1,NA,16,20,6,1,43,1,12,0.083,1,7,0.143,0,5,0,0.125,0,0,NA,1,1,2,1,2,1,4,2,3,12,1524000,TOR
Cory Joseph,6,shooting guard,75,193,8/20/91,ca,4,University of Texas at Austin,3,24,80,4,2046,257,585,0.439,30,110,0.273,227,475,0.478,0.465,133,174,0.764,39,171,210,250,63,20,102,131,677,4,7000000,TOR
Delon Wright,55,point guard,77,183,4/26/92,us,0,University of Utah,13,23,27,1,229,36,80,0.45,5,13,0.385,31,67,0.463,0.481,26,35,0.743,8,29,37,31,8,3,16,7,103,13,1509360,TOR
DeMar DeRozan,10,shooting guard,79,221,8/7/89,us,6,University of Southern California,2,26,78,78,2804,614,1377,0.446,47,139,0.338,567,1238,0.458,0.463,555,653,0.85,64,285,349,315,81,21,175,167,1830,3,9500000,TOR
DeMarre Carroll,5,small forward,80,215,7/27/86,us,6,University of Missouri,10,29,26,22,786,105,270,0.389,46,118,0.39,59,152,0.388,0.474,30,50,0.6,31,91,122,27,44,6,28,63,286,1,13500000,TOR
James Johnson,3,power forward,81,250,2/20/87,us,6,Wake Forest University,9,28,57,32,926,114,240,0.475,20,66,0.303,94,174,0.54,0.517,39,68,0.574,28,98,126,67,29,33,54,84,287,10,2500000,TOR
Jason Thompson,1,center,83,250,7/21/86,us,7,Rider University,12,29,19,6,292,32,66,0.485,5,15,0.333,27,51,0.529,0.523,18,22,0.818,22,58,80,10,8,12,8,40,87,16,328955,TOR
Jonas Valanciunas,17,center,84,265,5/6/92,lt,3,NA,8,23,60,59,1557,303,536,0.565,0,0,NA,303,536,0.565,0.565,162,213,0.761,184,363,547,42,25,80,85,158,768,6,4660482,TOR
Kyle Lowry,7,point guard,73,196,3/25/86,us,9,Villanova University,1,29,77,77,2851,512,1198,0.427,212,547,0.388,300,651,0.461,0.516,398,491,0.811,55,310,365,494,158,34,225,211,1634,2,12000000,TOR
Lucas Nogueira,92,center,84,241,7/26/92,br,1,NA,14,23,29,1,225,28,44,0.636,1,3,0.333,27,41,0.659,0.648,8,15,0.533,18,28,46,7,12,12,11,29,65,11,1842000,TOR
Luis Scola,4,power forward,81,240,4/30/80,ar,8,NA,7,35,76,76,1636,269,598,0.45,65,161,0.404,204,437,0.467,0.504,61,84,0.726,84,276,360,66,46,27,68,178,664,9,3000000,TOR
Norman Powell,24,shooting guard,76,215,5/25/93,us,0,"University of California, Los Angeles",11,22,49,24,725,97,229,0.424,36,89,0.404,61,140,0.436,0.502,43,53,0.811,16,95,111,47,29,10,32,59,273,15,650000,TOR
Patrick Patterson,54,power forward,81,230,3/14/89,us,5,University of Kentucky,4,26,79,0,2020,204,493,0.414,106,293,0.362,98,200,0.49,0.521,29,34,0.853,77,265,342,94,53,32,65,128,543,5,6268675,TOR
Terrence Ross,31,small forward,79,206,2/5/91,us,3,University of Washington,6,24,73,7,1747,270,626,0.431,131,339,0.386,139,287,0.484,0.536,49,62,0.79,21,164,185,56,54,25,46,120,720,7,3553917,TOR
Alec Burks,10,shooting guard,78,214,7/20/91,us,4,University of Colorado,12,24,31,3,797,137,334,0.41,32,79,0.405,105,255,0.412,0.458,106,141,0.752,16,93,109,63,18,4,51,71,412,3,9213484,UTA
Chris Johnson,23,small forward,78,206,4/29/90,us,3,University of Dayton,11,25,70,2,857,72,194,0.371,27,99,0.273,45,95,0.474,0.441,34,42,0.81,27,105,132,45,32,20,40,100,205,14,981348,UTA
Derrick Favors,15,power forward,82,265,7/15/91,us,5,Georgia Institute of Technology,3,24,62,59,1983,418,811,0.515,0,4,0,418,807,0.518,0.515,180,254,0.709,169,334,503,94,74,91,104,150,1016,2,11933333,UTA
Elijah Millsap,13,shooting guard,78,225,8/12/87,us,1,University of Alabama at Birmingham,14,28,20,0,173,11,39,0.282,1,12,0.083,10,27,0.37,0.295,13,18,0.722,6,29,35,19,7,3,9,33,36,17,362878,UTA
Erick Green,18,point guard,76,185,5/9/91,us,1,Virginia Polytechnic Institute and State University,16,24,6,0,35,5,12,0.417,1,4,0.25,4,8,0.5,0.458,2,2,1,3,2,5,2,1,0,0,4,13,19,99418,UTA
Gordon Hayward,20,small forward,80,226,3/23/90,us,5,Butler University,1,25,80,80,2893,521,1202,0.433,143,410,0.349,378,792,0.477,0.493,393,477,0.824,61,336,397,296,95,27,202,183,1578,1,15409570,UTA
J.J. O'Brien,22,small forward,79,228,4/8/92,us,0,San Diego State University,17,23,2,0,6,0,1,0,0,0,NA,0,1,0,0,0,0,NA,0,1,1,0,1,0,0,1,0,18,105888,UTA
Jeff Withey,24,center,84,231,3/7/90,us,2,University of Kansas,13,25,51,10,658,87,162,0.537,0,2,0,87,160,0.544,0.537,43,59,0.729,56,117,173,20,21,53,28,75,217,15,947276,UTA
Joe Ingles,2,small forward,80,226,10/2/87,au,1,NA,9,28,81,2,1241,124,291,0.426,81,210,0.386,43,81,0.531,0.565,13,18,0.722,19,132,151,96,55,4,65,98,342,9,2250000,UTA
Raul Neto,25,point guard,73,179,5/19/92,br,0,NA,6,23,81,53,1499,180,418,0.431,64,162,0.395,116,256,0.453,0.507,52,70,0.743,17,103,120,174,62,2,109,122,476,13,1000000,UTA
Rodney Hood,5,shooting guard,80,206,10/20/92,us,1,Duke University,2,23,79,79,2541,408,972,0.42,161,449,0.359,247,523,0.472,0.503,172,200,0.86,38,229,267,213,73,16,125,202,1149,11,1348440,UTA
Rudy Gobert,27,center,85,245,6/26/92,fr,2,NA,4,23,61,60,1932,198,354,0.559,0,0,NA,198,354,0.559,0.559,161,283,0.569,208,460,668,91,45,135,114,163,557,12,1175880,UTA
Shelvin Mack,8,point guard,75,203,4/22/90,us,4,Butler University,10,25,28,27,879,142,320,0.444,35,98,0.357,107,222,0.482,0.498,36,49,0.735,11,95,106,149,26,3,81,65,355,8,2433333,UTA
Tibor Pleiss,21,center,87,256,11/2/89,de,0,NA,15,26,12,0,82,11,25,0.44,0,2,0,11,23,0.478,0.44,2,2,1,6,9,15,2,1,2,8,19,24,6,3000000,UTA
Trevor Booker,33,power forward,80,228,11/25/87,us,5,Clemson University,5,28,79,2,1632,190,388,0.49,12,41,0.293,178,347,0.513,0.505,71,106,0.67,166,286,452,84,59,41,81,169,463,4,4775000,UTA
Trey Burke,3,point guard,73,191,11/12/92,us,2,University of Michigan,8,23,64,0,1366,262,634,0.413,88,256,0.344,174,378,0.46,0.483,67,82,0.817,18,94,112,148,35,6,80,86,679,7,2658240,UTA
Trey Lyles,41,power forward,82,234,11/5/95,ca,0,University of Kentucky,7,20,80,33,1382,191,436,0.438,49,128,0.383,142,308,0.461,0.494,57,82,0.695,59,240,299,59,26,18,65,114,488,10,2239800,UTA
Alan Anderson,6,shooting guard,78,220,10/16/82,us,6,Michigan State University,16,33,13,0,192,21,59,0.356,12,37,0.324,9,22,0.409,0.458,11,15,0.733,1,26,27,14,4,1,2,25,65,9,4000000,WAS
Bradley Beal,3,shooting guard,77,207,6/28/93,us,3,University of Florida,6,22,55,35,1708,359,799,0.449,105,271,0.387,254,528,0.481,0.515,135,176,0.767,41,147,188,162,54,11,112,117,958,5,5694674,WAS
DeJuan Blair,45,center,79,270,4/22/89,us,6,University of Pittsburgh,15,26,29,0,218,28,68,0.412,0,1,0,28,67,0.418,0.412,5,13,0.385,20,37,57,11,8,2,15,53,61,NA,NA,WAS
Drew Gooden,90,power forward,82,250,9/24/81,us,13,University of Kansas,13,34,30,0,305,33,103,0.32,7,41,0.171,26,62,0.419,0.354,9,14,0.643,28,57,85,13,8,11,13,40,82,10,3300000,WAS
Garrett Temple,17,small forward,78,195,5/8/86,us,5,Louisiana State University,5,29,80,43,1951,201,505,0.398,89,258,0.345,112,247,0.453,0.486,91,125,0.728,36,176,212,140,69,18,64,195,582,14,1100602,WAS
Gary Neal,14,shooting guard,76,210,10/3/84,us,5,Towson University,9,31,40,2,807,151,325,0.465,41,100,0.41,110,225,0.489,0.528,47,55,0.855,11,72,83,47,20,1,29,55,390,12,2100000,WAS
J.J. Hickson,21,center,81,242,9/4/88,us,7,North Carolina State University,18,27,15,0,131,25,46,0.543,0,1,0,25,45,0.556,0.543,19,44,0.432,17,28,45,7,5,2,9,12,69,16,366337,WAS
Jared Dudley,1,power forward,79,225,7/10/85,us,8,Boston College,4,30,81,41,2098,233,487,0.478,100,238,0.42,133,249,0.534,0.581,72,98,0.735,54,232,286,170,75,18,80,190,638,8,4250000,WAS
Jarell Eddie,8,small forward,79,218,10/30/91,us,0,Virginia Polytechnic Institute and State University,17,24,26,0,147,20,65,0.308,15,47,0.319,5,18,0.278,0.423,8,8,1,2,21,23,5,5,1,1,5,63,15,561716,WAS
John Wall,2,point guard,76,195,9/6/90,us,5,University of Kentucky,1,25,77,77,2784,572,1349,0.424,115,328,0.351,457,1021,0.448,0.467,272,344,0.791,42,337,379,789,145,59,318,159,1531,1,15851950,WAS
Kelly Oubre,12,small forward,79,205,12/9/95,us,0,University of Kansas,11,20,63,9,671,90,211,0.427,25,79,0.316,65,132,0.492,0.486,31,49,0.633,25,108,133,13,22,7,34,100,236,13,1920240,WAS
Kris Humphries,43,power forward,81,235,2/6/85,us,11,University of Minnesota,12,30,28,14,466,64,158,0.405,23,67,0.343,41,91,0.451,0.478,29,31,0.935,26,89,115,16,3,14,20,42,180,NA,NA,WAS
Marcin Gortat,13,center,83,240,2/17/84,pl,8,NA,3,31,75,74,2256,433,764,0.567,0,1,0,433,763,0.567,0.567,146,207,0.705,222,519,741,106,47,96,121,193,1012,3,11217391,WAS
Marcus Thornton,15,shooting guard,76,205,6/5/87,us,6,Louisiana State University,14,28,14,2,224,42,107,0.393,18,54,0.333,24,53,0.453,0.477,16,21,0.762,7,28,35,19,13,1,11,17,118,17,251107,WAS
Markieff Morris,5,power forward,82,245,9/2/89,us,4,University of Kansas,10,26,27,21,712,134,287,0.467,25,79,0.316,109,208,0.524,0.51,42,55,0.764,30,128,158,37,25,17,45,80,335,4,8000000,WAS
Nene Hilario,42,power forward,83,250,9/13/82,br,13,NA,8,33,57,11,1094,209,384,0.544,0,3,0,209,381,0.549,0.544,107,185,0.578,52,207,259,97,54,26,76,156,525,2,13000000,WAS
Otto Porter,22,small forward,80,198,6/3/93,us,2,Georgetown University,2,22,75,73,2276,339,717,0.473,98,267,0.367,241,450,0.536,0.541,95,126,0.754,97,294,391,120,105,32,70,163,871,7,4662960,WAS
Ramon Sessions,7,point guard,75,190,4/11/86,us,8,"University of Nevada, Reno",7,29,82,5,1667,280,592,0.473,36,111,0.324,244,481,0.507,0.503,214,283,0.756,25,178,203,239,46,5,115,102,810,11,2170465,WAS
Ryan Hollins,15,center,84,240,10/10/84,us,9,"University of California, Los Angeles",19,31,5,3,48,4,7,0.571,0,0,NA,4,7,0.571,0.571,0,0,NA,7,4,11,0,0,1,3,4,8,18,176375,WAS